symbol,label,timeStart,timeEnd,candle_count,annotatedAt,candles
NG=F,fvg,1773820800,1773882000,17,2026-05-17T14:07:54.154846+00:00,"[{""open"": 0.02743921, ""high"": 0.04878058, ""low"": 0.0, ""close"": 0.0091464}, {""open"": 0.00609784, ""high"": 0.10060971, ""low"": 0.0, ""close"": 0.10060971}, {""open"": 0.09756115, ""high"": 0.11585396, ""low"": 0.03658561, ""close"": 0.07317123}, {""open"": 0.07621979, ""high"": 0.15548813, ""low"": 0.04573202, ""close"": 0.0823169}, {""open"": 0.07926835, ""high"": 0.4176831, ""low"": 0.04573202, ""close"": 0.40853669}, {""open"": 0.40548813, ""high"": 0.46646367, ""low"": 0.30182914, ""close"": 0.353659}, {""open"": 0.353659, ""high"": 0.45121942, ""low"": 0.28353706, ""close"": 0.40548813}, {""open"": 0.40548813, ""high"": 0.4359759, ""low"": 0.31707338, ""close"": 0.32621979}, {""open"": 0.32621979, ""high"": 0.37195108, ""low"": 0.30487842, ""close"": 0.37195108}, {""open"": 0.37195108, ""high"": 0.38109748, ""low"": 0.28048777, ""close"": 0.29268273}, {""open"": 0.28963417, ""high"": 0.5731705, ""low"": 0.25, ""close"": 0.53658561}, {""open"": 0.53353633, ""high"": 0.78963417, ""low"": 0.52134137, ""close"": 0.70426798}, {""open"": 0.70731727, ""high"": 0.84146331, ""low"": 0.6768295, ""close"": 0.8140241}, {""open"": 0.69817086, ""high"": 0.83536619, ""low"": 0.69817086, ""close"": 0.76524425}, {""open"": 0.76524425, ""high"": 0.90548813, ""low"": 0.75, ""close"": 0.87804892}, {""open"": 0.87804892, ""high"": 0.98780504, ""low"": 0.83536619, ""close"": 0.97865863}, {""open"": 0.97256079, ""high"": 1.0, ""low"": 0.90548813, ""close"": 0.9359759}]"
NG=F,fvg,1773799200,1773892800,26,2026-05-17T14:09:16.920058+00:00,"[{""open"": 0.16470591, ""high"": 0.18823502, ""low"": 0.14117609, ""close"": 0.14999968}, {""open"": 0.14705872, ""high"": 0.15294065, ""low"": 0.05588182, ""close"": 0.06764708}, {""open"": 0.05882349, ""high"": 0.0823526, ""low"": 0.03235271, ""close"": 0.05588182}, {""open"": 0.05882349, ""high"": 0.07646997, ""low"": 0.03235271, ""close"": 0.04411727}, {""open"": 0.0411763, ""high"": 0.06470542, ""low"": 0.0, ""close"": 0.03529367}, {""open"": 0.03235271, ""high"": 0.06764708, ""low"": 0.00294096, ""close"": 0.05882349}, {""open"": 0.06176445, ""high"": 0.0823526, ""low"": 0.03529367, ""close"": 0.04411727}, {""open"": 0.0411763, ""high"": 0.1323525, ""low"": 0.03529367, ""close"": 0.1323525}, {""open"": 0.12941153, ""high"": 0.14705872, ""low"": 0.07058805, ""close"": 0.10588242}, {""open"": 0.10882338, ""high"": 0.18529406, ""low"": 0.07941164, ""close"": 0.11470531}, {""open"": 0.11176435, ""high"": 0.4382352, ""low"": 0.07941164, ""close"": 0.4294116}, {""open"": 0.42647064, ""high"": 0.48529413, ""low"": 0.32647015, ""close"": 0.37647074}, {""open"": 0.37647074, ""high"": 0.47058791, ""low"": 0.30882366, ""close"": 0.42647064}, {""open"": 0.42647064, ""high"": 0.45588238, ""low"": 0.34117637, ""close"": 0.34999996}, {""open"": 0.34999996, ""high"": 0.39411723, ""low"": 0.32941181, ""close"": 0.39411723}, {""open"": 0.39411723, ""high"": 0.40294082, ""low"": 0.305882, ""close"": 0.31764656}, {""open"": 0.31470559, ""high"": 0.58823488, ""low"": 0.27647025, ""close"": 0.55294121}, {""open"": 0.54999954, ""high"": 0.79705876, ""low"": 0.53823499, ""close"": 0.71470545}, {""open"": 0.71764712, ""high"": 0.84705865, ""low"": 0.68823537, ""close"": 0.82058787}, {""open"": 0.70882352, ""high"": 0.84117672, ""low"": 0.70882352, ""close"": 0.77352964}, {""open"": 0.77352964, ""high"": 0.9088238, ""low"": 0.75882342, ""close"": 0.88235302}, {""open"": 0.88235302, ""high"": 0.98823544, ""low"": 0.84117672, ""close"": 0.97941185}, {""open"": 0.97352922, ""high"": 1.0, ""low"": 0.9088238, ""close"": 0.93823555}, {""open"": 0.93235292, ""high"": 0.97647089, ""low"": 0.88823495, ""close"": 0.94117651}, {""open"": 0.94705844, ""high"": 0.98823544, ""low"": 0.75588245, ""close"": 0.76470605}, {""open"": 0.77352964, ""high"": 0.78823516, ""low"": 0.67647082, ""close"": 0.69999993}]"
NG=F,fvg,1773817200,1773928800,31,2026-05-17T14:09:31.467488+00:00,"[{""open"": 0.02890171, ""high"": 0.06358404, ""low"": 0.0, ""close"": 0.05491346}, {""open"": 0.05780342, ""high"": 0.07803455, ""low"": 0.03179167, ""close"": 0.04046226}, {""open"": 0.03757229, ""high"": 0.12716739, ""low"": 0.03179167, ""close"": 0.12716739}, {""open"": 0.12427742, ""high"": 0.14161859, ""low"": 0.066474, ""close"": 0.10115633}, {""open"": 0.10404629, ""high"": 0.17919088, ""low"": 0.07514458, ""close"": 0.10982622}, {""open"": 0.10693626, ""high"": 0.42774572, ""low"": 0.07514458, ""close"": 0.41907514}, {""open"": 0.41618518, ""high"": 0.4739886, ""low"": 0.31791881, ""close"": 0.36705234}, {""open"": 0.36705234, ""high"": 0.4595374, ""low"": 0.30057834, ""close"": 0.41618518}, {""open"": 0.41618518, ""high"": 0.44508689, ""low"": 0.33237001, ""close"": 0.34104059}, {""open"": 0.34104059, ""high"": 0.38439281, ""low"": 0.32080947, ""close"": 0.38439281}, {""open"": 0.38439281, ""high"": 0.3930634, ""low"": 0.29768768, ""close"": 0.30924823}, {""open"": 0.30635827, ""high"": 0.57514424, ""low"": 0.26878597, ""close"": 0.5404626}, {""open"": 0.53757195, ""high"": 0.78034686, ""low"": 0.5260114, ""close"": 0.69942166}, {""open"": 0.70231232, ""high"": 0.8294797, ""low"": 0.67341061, ""close"": 0.80346796}, {""open"": 0.69364173, ""high"": 0.82369977, ""low"": 0.69364173, ""close"": 0.75722577}, {""open"": 0.75722577, ""high"": 0.89017378, ""low"": 0.74277457, ""close"": 0.86416203}, {""open"": 0.86416203, ""high"": 0.96820833, ""low"": 0.82369977, ""close"": 0.95953774}, {""open"": 0.95375713, ""high"": 0.97976887, ""low"": 0.89017378, ""close"": 0.91907549}, {""open"": 0.91329487, ""high"": 0.95664778, ""low"": 0.86994196, ""close"": 0.92196545}, {""open"": 0.92774538, ""high"": 0.96820833, ""low"": 0.73988461, ""close"": 0.74855519}, {""open"": 0.75722577, ""high"": 0.77167628, ""low"": 0.66185006, ""close"": 0.68497115}, {""open"": 0.69075177, ""high"": 0.72543341, ""low"": 0.66185006, ""close"": 0.70231232}, {""open"": 0.69942166, ""high"": 0.75433512, ""low"": 0.65895941, ""close"": 0.74855519}, {""open"": 0.74566454, ""high"": 0.81213854, ""low"": 0.73121403, ""close"": 0.75722577}, {""open"": 0.75722577, ""high"": 0.86127138, ""low"": 0.73699395, ""close"": 0.83526032}, {""open"": 0.83236967, ""high"": 0.89306374, ""low"": 0.71965348, ""close"": 0.72543341}, {""open"": 0.72543341, ""high"": 0.74855519, ""low"": 0.62427777, ""close"": 0.72543341}, {""open"": 0.72832406, ""high"": 0.8294797, ""low"": 0.70520228, ""close"": 0.71676283}, {""open"": 0.71965348, ""high"": 0.79768803, ""low"": 0.65895941, ""close"": 0.75722577}, {""open"": 0.75722577, ""high"": 1.0, ""low"": 0.6965317, ""close"": 0.89595371}, {""open"": 0.89595371, ""high"": 0.98554949, ""low"": 0.74566454, ""close"": 0.80057799}]"
NQ=F,fvg,1716541200,1716886800,24,2026-05-17T14:47:21.463916+00:00,"[{""open"": 0.05263158, ""high"": 0.08479532, ""low"": 0.0, ""close"": 0.03703704}, {""open"": 0.03606238, ""high"": 0.11988304, ""low"": 0.02826511, ""close"": 0.08869396}, {""open"": 0.09161793, ""high"": 0.15302144, ""low"": 0.05165692, ""close"": 0.14327485}, {""open"": 0.14327485, ""high"": 0.19493177, ""low"": 0.00292398, ""close"": 0.11793372}, {""open"": 0.11598441, ""high"": 0.25048733, ""low"": 0.0380117, ""close"": 0.10526316}, {""open"": 0.10623782, ""high"": 0.56140351, ""low"": 0.10623782, ""close"": 0.54288499}, {""open"": 0.54385965, ""high"": 0.76510721, ""low"": 0.53021442, ""close"": 0.67836257}, {""open"": 0.67738791, ""high"": 0.75243665, ""low"": 0.62670565, ""close"": 0.63255361}, {""open"": 0.63352827, ""high"": 0.73391813, ""low"": 0.59064327, ""close"": 0.70467836}, {""open"": 0.7037037, ""high"": 0.79239766, ""low"": 0.57407407, ""close"": 0.57699805}, {""open"": 0.57602339, ""high"": 0.62573099, ""low"": 0.43957115, ""close"": 0.59064327}, {""open"": 0.59064327, ""high"": 0.61598441, ""low"": 0.55847953, ""close"": 0.57699805}, {""open"": 0.59259259, ""high"": 0.63840156, ""low"": 0.56920078, ""close"": 0.59454191}, {""open"": 0.59161793, ""high"": 0.59161793, ""low"": 0.44249513, ""close"": 0.44346979}, {""open"": 0.44444444, ""high"": 0.49610136, ""low"": 0.43177388, ""close"": 0.48440546}, {""open"": 0.48635478, ""high"": 0.51461988, ""low"": 0.47076023, ""close"": 0.50487329}, {""open"": 0.50682261, ""high"": 0.50779727, ""low"": 0.44346979, ""close"": 0.49512671}, {""open"": 0.5, ""high"": 0.52241715, ""low"": 0.49707602, ""close"": 0.50292398}, {""open"": 0.79727096, ""high"": 0.81481481, ""low"": 0.77095517, ""close"": 0.77290448}, {""open"": 0.77387914, ""high"": 0.78947368, ""low"": 0.74658869, ""close"": 0.7797271}, {""open"": 0.78070175, ""high"": 0.84405458, ""low"": 0.72709552, ""close"": 0.83040936}, {""open"": 0.83138402, ""high"": 0.85964912, ""low"": 0.73879142, ""close"": 0.76705653}, {""open"": 0.76510721, ""high"": 0.99902534, ""low"": 0.76218324, ""close"": 0.99415205}, {""open"": 0.99220273, ""high"": 1.0, ""low"": 0.94054581, ""close"": 0.96003899}]"
NQ=F,fvg,1716526800,1716904800,33,2026-05-17T14:47:31.518992+00:00,"[{""open"": 0.10118044, ""high"": 0.11214165, ""low"": 0.06998314, ""close"": 0.09021922}, {""open"": 0.09021922, ""high"": 0.09780776, ""low"": 0.0227656, ""close"": 0.03456998}, {""open"": 0.03625632, ""high"": 0.08853288, ""low"": 0.0, ""close"": 0.07335582}, {""open"": 0.07588533, ""high"": 0.21163575, ""low"": 0.06492411, ""close"": 0.17959528}, {""open"": 0.18043845, ""high"": 0.20826307, ""low"": 0.13490725, ""close"": 0.16694772}, {""open"": 0.16610455, ""high"": 0.2386172, ""low"": 0.15935919, ""close"": 0.21163575}, {""open"": 0.21416526, ""high"": 0.26728499, ""low"": 0.17959528, ""close"": 0.25885329}, {""open"": 0.25885329, ""high"": 0.30354132, ""low"": 0.13743676, ""close"": 0.23693086}, {""open"": 0.23524452, ""high"": 0.35160202, ""low"": 0.16779089, ""close"": 0.22596965}, {""open"": 0.22681282, ""high"": 0.62057336, ""low"": 0.22681282, ""close"": 0.60455312}, {""open"": 0.60539629, ""high"": 0.79679595, ""low"": 0.59359191, ""close"": 0.72175379}, {""open"": 0.72091062, ""high"": 0.78583474, ""low"": 0.67706577, ""close"": 0.68212479}, {""open"": 0.68296796, ""high"": 0.7698145, ""low"": 0.64586847, ""close"": 0.74451939}, {""open"": 0.74367622, ""high"": 0.82040472, ""low"": 0.63153457, ""close"": 0.63406408}, {""open"": 0.63322091, ""high"": 0.6762226, ""low"": 0.51517707, ""close"": 0.64586847}, {""open"": 0.64586847, ""high"": 0.66779089, ""low"": 0.61804384, ""close"": 0.63406408}, {""open"": 0.64755481, ""high"": 0.68718381, ""low"": 0.62731872, ""close"": 0.64924115}, {""open"": 0.64671164, ""high"": 0.64671164, ""low"": 0.51770658, ""close"": 0.51854975}, {""open"": 0.51939292, ""high"": 0.56408094, ""low"": 0.5084317, ""close"": 0.5539629}, {""open"": 0.55564924, ""high"": 0.58010118, ""low"": 0.54215852, ""close"": 0.57166948}, {""open"": 0.57335582, ""high"": 0.57419899, ""low"": 0.51854975, ""close"": 0.56323777}, {""open"": 0.56745363, ""high"": 0.58684654, ""low"": 0.56492411, ""close"": 0.56998314}, {""open"": 0.82462057, ""high"": 0.83979764, ""low"": 0.80185497, ""close"": 0.80354132}, {""open"": 0.80438449, ""high"": 0.81787521, ""low"": 0.78077572, ""close"": 0.80944351}, {""open"": 0.81028668, ""high"": 0.86509275, ""low"": 0.76391231, ""close"": 0.85328836}, {""open"": 0.85413153, ""high"": 0.87858347, ""low"": 0.77403035, ""close"": 0.79848229}, {""open"": 0.79679595, ""high"": 0.99915683, ""low"": 0.79426644, ""close"": 0.99494098}, {""open"": 0.99325464, ""high"": 1.0, ""low"": 0.94856661, ""close"": 0.96543002}, {""open"": 0.96711636, ""high"": 0.97217538, ""low"": 0.7841484, ""close"": 0.80016863}, {""open"": 0.79848229, ""high"": 0.846543, ""low"": 0.76391231, ""close"": 0.81956155}, {""open"": 0.81956155, ""high"": 0.84317032, ""low"": 0.7301855, ""close"": 0.78836425}, {""open"": 0.78499157, ""high"": 0.85581788, ""low"": 0.52698145, ""close"": 0.61214165}, {""open"": 0.61298482, ""high"": 0.83305228, ""low"": 0.53878583, ""close"": 0.81197302}]"
NQ=F,fvg,1716537600,1716933600,37,2026-05-17T14:47:37.969317+00:00,"[{""open"": 0.01172227, ""high"": 0.15689811, ""low"": 0.0, ""close"": 0.122633}, {""open"": 0.12353472, ""high"": 0.15329125, ""low"": 0.0748422, ""close"": 0.1091073}, {""open"": 0.10820559, ""high"": 0.18575293, ""low"": 0.10099188, ""close"": 0.15689811}, {""open"": 0.15960325, ""high"": 0.21641118, ""low"": 0.122633, ""close"": 0.20739405}, {""open"": 0.20739405, ""high"": 0.25518485, ""low"": 0.07754734, ""close"": 0.1839495}, {""open"": 0.18214608, ""high"": 0.30658251, ""low"": 0.11000902, ""close"": 0.17222723}, {""open"": 0.17312894, ""high"": 0.59422904, ""low"": 0.17312894, ""close"": 0.57709648}, {""open"": 0.5779982, ""high"": 0.78268711, ""low"": 0.56537421, ""close"": 0.70243463}, {""open"": 0.70153291, ""high"": 0.77096483, ""low"": 0.65464382, ""close"": 0.6600541}, {""open"": 0.66095582, ""high"": 0.75383228, ""low"": 0.62128043, ""close"": 0.72678088}, {""open"": 0.72587917, ""high"": 0.80793508, ""low"": 0.60595131, ""close"": 0.60865645}, {""open"": 0.60775473, ""high"": 0.65374211, ""low"": 0.48151488, ""close"": 0.62128043}, {""open"": 0.62128043, ""high"": 0.64472498, ""low"": 0.5915239, ""close"": 0.60865645}, {""open"": 0.62308386, ""high"": 0.66546438, ""low"": 0.60144274, ""close"": 0.62488729}, {""open"": 0.62218215, ""high"": 0.62218215, ""low"": 0.48422002, ""close"": 0.48512173}, {""open"": 0.48602344, ""high"": 0.53381425, ""low"": 0.47430117, ""close"": 0.52299369}, {""open"": 0.52479711, ""high"": 0.5509468, ""low"": 0.5103697, ""close"": 0.54192967}, {""open"": 0.54373309, ""high"": 0.54463481, ""low"": 0.48512173, ""close"": 0.53291253}, {""open"": 0.5374211, ""high"": 0.5581605, ""low"": 0.53471596, ""close"": 0.54012624}, {""open"": 0.81244364, ""high"": 0.82867448, ""low"": 0.78809739, ""close"": 0.78990081}, {""open"": 0.79080252, ""high"": 0.80522994, ""low"": 0.76555455, ""close"": 0.7962128}, {""open"": 0.79711452, ""high"": 0.85572588, ""low"": 0.74752029, ""close"": 0.84310189}, {""open"": 0.84400361, ""high"": 0.87015329, ""low"": 0.75834085, ""close"": 0.78449053}, {""open"": 0.78268711, ""high"": 0.99909829, ""low"": 0.77998197, ""close"": 0.99458972}, {""open"": 0.99278629, ""high"": 1.0, ""low"": 0.94499549, ""close"": 0.96302976}, {""open"": 0.96483318, ""high"": 0.97024346, ""low"": 0.76916141, ""close"": 0.78629396}, {""open"": 0.78449053, ""high"": 0.83588819, ""low"": 0.74752029, ""close"": 0.80703336}, {""open"": 0.80703336, ""high"": 0.83228133, ""low"": 0.71145176, ""close"": 0.77366997}, {""open"": 0.77006312, ""high"": 0.84580703, ""low"": 0.49413886, ""close"": 0.5852119}, {""open"": 0.58611362, ""high"": 0.82146078, ""low"": 0.50676285, ""close"": 0.79891794}, {""open"": 0.80162308, ""high"": 0.85662759, ""low"": 0.71145176, ""close"": 0.79531109}, {""open"": 0.79531109, ""high"": 0.87195672, ""low"": 0.74932372, ""close"": 0.79170424}, {""open"": 0.79170424, ""high"": 0.87466186, ""low"": 0.68259693, ""close"": 0.72227232}, {""open"": 0.72227232, ""high"": 0.81424707, ""low"": 0.42380523, ""close"": 0.59693417}, {""open"": 0.59513075, ""high"": 0.87826871, ""low"": 0.57889991, ""close"": 0.87015329}, {""open"": 0.871055, ""high"": 0.95761948, ""low"": 0.86834986, ""close"": 0.89630298}, {""open"": 0.89269612, ""high"": 0.89359784, ""low"": 0.84670875, ""close"": 0.86474301}]"
NQ=F,fvg,1730988000,1731337200,48,2026-05-17T14:48:52.949050+00:00,"[{""open"": 0.00768156, ""high"": 0.35684358, ""low"": 0.0, ""close"": 0.35335196}, {""open"": 0.35265363, ""high"": 0.51536313, ""low"": 0.28980447, ""close"": 0.4972067}, {""open"": 0.4972067, ""high"": 0.60405028, ""low"": 0.3952514, ""close"": 0.5900838}, {""open"": 0.59148045, ""high"": 0.59986034, ""low"": 0.49162011, ""close"": 0.59078212}, {""open"": 0.59217877, ""high"": 0.59636872, ""low"": 0.47067039, ""close"": 0.55097765}, {""open"": 0.55097765, ""high"": 0.69902235, ""low"": 0.49301676, ""close"": 0.69902235}, {""open"": 0.69902235, ""high"": 0.75488827, ""low"": 0.61941341, ""close"": 0.66759777}, {""open"": 0.66829609, ""high"": 0.75069832, ""low"": 0.63198324, ""close"": 0.6773743}, {""open"": 0.67458101, ""high"": 0.69273743, ""low"": 0.61382682, ""close"": 0.68296089}, {""open"": 0.68226257, ""high"": 0.71578212, ""low"": 0.66340782, ""close"": 0.67458101}, {""open"": 0.67527933, ""high"": 0.70111732, ""low"": 0.65013966, ""close"": 0.69692737}, {""open"": 0.69553073, ""high"": 0.7325419, ""low"": 0.65851955, ""close"": 0.6627095}, {""open"": 0.66201117, ""high"": 0.70460894, ""low"": 0.6599162, ""close"": 0.68156425}, {""open"": 0.67946927, ""high"": 0.70251397, ""low"": 0.66899441, ""close"": 0.67946927}, {""open"": 0.67597765, ""high"": 0.78351955, ""low"": 0.67248603, ""close"": 0.75139665}, {""open"": 0.75209497, ""high"": 0.76606145, ""low"": 0.67458101, ""close"": 0.69203911}, {""open"": 0.69692737, ""high"": 0.73812849, ""low"": 0.66689944, ""close"": 0.71857542}, {""open"": 0.71787709, ""high"": 0.74790503, ""low"": 0.63826816, ""close"": 0.6976257}, {""open"": 0.6948324, ""high"": 0.7297486, ""low"": 0.67597765, ""close"": 0.6773743}, {""open"": 0.6773743, ""high"": 0.6773743, ""low"": 0.41201117, ""close"": 0.45041899}, {""open"": 0.45111732, ""high"": 0.5146648, ""low"": 0.38826816, ""close"": 0.50069832}, {""open"": 0.50139665, ""high"": 0.57611732, ""low"": 0.48952514, ""close"": 0.56005587}, {""open"": 0.55865922, ""high"": 0.59287709, ""low"": 0.48673184, ""close"": 0.50069832}, {""open"": 0.50209497, ""high"": 0.69692737, ""low"": 0.48463687, ""close"": 0.6277933}, {""open"": 0.63058659, ""high"": 0.68086592, ""low"": 0.49860335, ""close"": 0.59986034}, {""open"": 0.60055866, ""high"": 0.70879888, ""low"": 0.52583799, ""close"": 0.6599162}, {""open"": 0.66131285, ""high"": 0.68715084, ""low"": 0.59706704, ""close"": 0.65642458}, {""open"": 0.65642458, ""high"": 0.78840782, ""low"": 0.64664804, ""close"": 0.7472067}, {""open"": 0.7472067, ""high"": 0.7877095, ""low"": 0.70111732, ""close"": 0.70391061}, {""open"": 0.70251397, ""high"": 0.7150838, ""low"": 0.62918994, ""close"": 0.70181564}, {""open"": 0.70251397, ""high"": 0.72695531, ""low"": 0.67318436, ""close"": 0.68645251}, {""open"": 0.74581006, ""high"": 0.94203911, ""low"": 0.74371508, ""close"": 0.89874302}, {""open"": 0.89734637, ""high"": 0.91620112, ""low"": 0.81005587, ""close"": 0.81773743}, {""open"": 0.81494413, ""high"": 0.85614525, ""low"": 0.76885475, ""close"": 0.8372905}, {""open"": 0.8372905, ""high"": 0.8400838, ""low"": 0.78142458, ""close"": 0.8023743}, {""open"": 0.80027933, ""high"": 0.82472067, ""low"": 0.79050279, ""close"": 0.81215084}, {""open"": 0.81634078, ""high"": 0.8547486, ""low"": 0.81494413, ""close"": 0.85125698}, {""open"": 0.85125698, ""high"": 0.88617318, ""low"": 0.84916201, ""close"": 0.8547486}, {""open"": 0.85544693, ""high"": 0.86871508, ""low"": 0.83868715, ""close"": 0.85265363}, {""open"": 0.85055866, ""high"": 0.88547486, ""low"": 0.82402235, ""close"": 0.88058659}, {""open"": 0.88058659, ""high"": 0.95181564, ""low"": 0.8400838, ""close"": 0.86312849}, {""open"": 0.86312849, ""high"": 0.90642458, ""low"": 0.82192737, ""close"": 0.86592179}, {""open"": 0.86382682, ""high"": 0.8952514, ""low"": 0.80726257, ""close"": 0.80865922}, {""open"": 0.80865922, ""high"": 0.86103352, ""low"": 0.79678771, ""close"": 0.84497207}, {""open"": 0.84776536, ""high"": 0.9853352, ""low"": 0.84497207, ""close"": 0.96159218}, {""open"": 0.96298883, ""high"": 1.0, ""low"": 0.85125698, ""close"": 0.88756983}, {""open"": 0.88896648, ""high"": 0.90642458, ""low"": 0.50349162, ""close"": 0.52793296}, {""open"": 0.52863128, ""high"": 0.73044693, ""low"": 0.48463687, ""close"": 0.67178771}]"
NQ=F,fvg,1730970000,1731330000,51,2026-05-17T14:48:57.704727+00:00,"[{""open"": 0.04638873, ""high"": 0.10158544, ""low"": 0.0, ""close"": 0.0598943}, {""open"": 0.0616559, ""high"": 0.08690546, ""low"": 0.04110393, ""close"": 0.07105109}, {""open"": 0.07046389, ""high"": 0.07339988, ""low"": 0.02113917, ""close"": 0.06870229}, {""open"": 0.06635349, ""high"": 0.14679977, ""low"": 0.0610687, ""close"": 0.1221374}, {""open"": 0.1233118, ""high"": 0.19788608, ""low"": 0.10158544, ""close"": 0.16793893}, {""open"": 0.16559014, ""high"": 0.45918967, ""low"": 0.15913095, ""close"": 0.45625367}, {""open"": 0.45566647, ""high"": 0.59248385, ""low"": 0.40281856, ""close"": 0.57721668}, {""open"": 0.57721668, ""high"": 0.66705813, ""low"": 0.49148561, ""close"": 0.65531415}, {""open"": 0.65648855, ""high"": 0.66353494, ""low"": 0.57251908, ""close"": 0.65590135}, {""open"": 0.65707575, ""high"": 0.66059894, ""low"": 0.55490311, ""close"": 0.622431}, {""open"": 0.622431, ""high"": 0.7469172, ""low"": 0.57369348, ""close"": 0.7469172}, {""open"": 0.7469172, ""high"": 0.79389313, ""low"": 0.67997651, ""close"": 0.72049325}, {""open"": 0.72108045, ""high"": 0.79036994, ""low"": 0.6905461, ""close"": 0.72871403}, {""open"": 0.72636524, ""high"": 0.74163241, ""low"": 0.67527892, ""close"": 0.73341163}, {""open"": 0.73282443, ""high"": 0.76100998, ""low"": 0.71697005, ""close"": 0.72636524}, {""open"": 0.72695244, ""high"": 0.7486788, ""low"": 0.70581327, ""close"": 0.74515561}, {""open"": 0.74398121, ""high"": 0.77510276, ""low"": 0.71285966, ""close"": 0.71638285}, {""open"": 0.71579565, ""high"": 0.7516148, ""low"": 0.71403406, ""close"": 0.73223723}, {""open"": 0.73047563, ""high"": 0.7498532, ""low"": 0.72166765, ""close"": 0.73047563}, {""open"": 0.72753964, ""high"": 0.81796829, ""low"": 0.72460364, ""close"": 0.79095713}, {""open"": 0.79154433, ""high"": 0.80328831, ""low"": 0.72636524, ""close"": 0.74104521}, {""open"": 0.74515561, ""high"": 0.77980035, ""low"": 0.71990605, ""close"": 0.76335878}, {""open"": 0.76277158, ""high"": 0.78802114, ""low"": 0.69583089, ""close"": 0.74574281}, {""open"": 0.74339401, ""high"": 0.77275396, ""low"": 0.72753964, ""close"": 0.72871403}, {""open"": 0.72871403, ""high"": 0.72871403, ""low"": 0.50557839, ""close"": 0.53787434}, {""open"": 0.53846154, ""high"": 0.59189665, ""low"": 0.48561362, ""close"": 0.58015267}, {""open"": 0.58073987, ""high"": 0.64357017, ""low"": 0.57075749, ""close"": 0.63006459}, {""open"": 0.62889019, ""high"": 0.65766295, ""low"": 0.56840869, ""close"": 0.58015267}, {""open"": 0.58132707, ""high"": 0.74515561, ""low"": 0.56664709, ""close"": 0.6870229}, {""open"": 0.6893717, ""high"": 0.73165003, ""low"": 0.57839107, ""close"": 0.66353494}, {""open"": 0.66412214, ""high"": 0.75513799, ""low"": 0.60129184, ""close"": 0.71403406}, {""open"": 0.71520846, ""high"": 0.73693482, ""low"": 0.66118614, ""close"": 0.71109806}, {""open"": 0.71109806, ""high"": 0.82207868, ""low"": 0.70287728, ""close"": 0.78743394}, {""open"": 0.78743394, ""high"": 0.82149149, ""low"": 0.7486788, ""close"": 0.7510276}, {""open"": 0.7498532, ""high"": 0.76042278, ""low"": 0.6881973, ""close"": 0.749266}, {""open"": 0.7498532, ""high"": 0.77040517, ""low"": 0.72519084, ""close"": 0.73634762}, {""open"": 0.78625954, ""high"": 0.95126248, ""low"": 0.78449794, ""close"": 0.91485614}, {""open"": 0.91368174, ""high"": 0.92953611, ""low"": 0.84028186, ""close"": 0.84674105}, {""open"": 0.84439225, ""high"": 0.87903699, ""low"": 0.80563711, ""close"": 0.86318262}, {""open"": 0.86318262, ""high"": 0.86553142, ""low"": 0.81620669, ""close"": 0.83382267}, {""open"": 0.83206107, ""high"": 0.85261304, ""low"": 0.82384028, ""close"": 0.84204345}, {""open"": 0.84556665, ""high"": 0.8778626, ""low"": 0.84439225, ""close"": 0.8749266}, {""open"": 0.8749266, ""high"": 0.90428655, ""low"": 0.873165, ""close"": 0.8778626}, {""open"": 0.87844979, ""high"": 0.88960658, ""low"": 0.86435702, ""close"": 0.876101}, {""open"": 0.8743394, ""high"": 0.90369935, ""low"": 0.85202584, ""close"": 0.89958896}, {""open"": 0.89958896, ""high"": 0.95948326, ""low"": 0.86553142, ""close"": 0.88490898}, {""open"": 0.88490898, ""high"": 0.92131533, ""low"": 0.85026424, ""close"": 0.88725778}, {""open"": 0.88549618, ""high"": 0.91192014, ""low"": 0.83793306, ""close"": 0.83910746}, {""open"": 0.83910746, ""high"": 0.88314739, ""low"": 0.82912507, ""close"": 0.86964181}, {""open"": 0.8719906, ""high"": 0.98766882, ""low"": 0.86964181, ""close"": 0.96770405}, {""open"": 0.96887845, ""high"": 1.0, ""low"": 0.8749266, ""close"": 0.90546095}]"
NQ=F,fvg,1733907600,1734098400,52,2026-05-17T14:49:16.917173+00:00,"[{""open"": 0.00575615, ""high"": 0.05494505, ""low"": 0.0, ""close"": 0.03924647}, {""open"": 0.03924647, ""high"": 0.04918891, ""low"": 0.01098901, ""close"": 0.03663004}, {""open"": 0.03715332, ""high"": 0.06122449, ""low"": 0.02040816, ""close"": 0.02511774}, {""open"": 0.02564103, ""high"": 0.0381999, ""low"": 0.00261643, ""close"": 0.0151753}, {""open"": 0.01569859, ""high"": 0.22135008, ""low"": 0.01255887, ""close"": 0.20669806}, {""open"": 0.20565149, ""high"": 0.55834642, ""low"": 0.20094192, ""close"": 0.5552067}, {""open"": 0.55625327, ""high"": 0.64050235, ""low"": 0.50758765, ""close"": 0.55782313}, {""open"": 0.55729984, ""high"": 0.711146, ""low"": 0.54474097, ""close"": 0.69073783}, {""open"": 0.69126112, ""high"": 0.75510204, ""low"": 0.6881214, ""close"": 0.73469388}, {""open"": 0.73469388, ""high"": 0.7985348, ""low"": 0.72946102, ""close"": 0.75928833}, {""open"": 0.75928833, ""high"": 0.79644165, ""low"": 0.73155416, ""close"": 0.77394035}, {""open"": 0.77341706, ""high"": 0.81580324, ""low"": 0.74777603, ""close"": 0.75562533}, {""open"": 0.7566719, ""high"": 0.75771847, ""low"": 0.66980638, ""close"": 0.68131868}, {""open"": 0.68341183, ""high"": 0.70486656, ""low"": 0.66457352, ""close"": 0.68602826}, {""open"": 0.68602826, ""high"": 0.69387755, ""low"": 0.65358451, ""close"": 0.67346939}, {""open"": 0.6729461, ""high"": 0.6881214, ""low"": 0.66405024, ""close"": 0.67399267}, {""open"": 0.67399267, ""high"": 0.68916797, ""low"": 0.66718995, ""close"": 0.67556253}, {""open"": 0.67503925, ""high"": 0.69754055, ""low"": 0.67503925, ""close"": 0.69178441}, {""open"": 0.69178441, ""high"": 0.69649398, ""low"": 0.6844584, ""close"": 0.69335426}, {""open"": 0.68550497, ""high"": 0.70015699, ""low"": 0.68184197, ""close"": 0.6996337}, {""open"": 0.70068027, ""high"": 0.71585557, ""low"": 0.67974882, ""close"": 0.69283098}, {""open"": 0.69283098, ""high"": 0.70225013, ""low"": 0.66509681, ""close"": 0.67451596}, {""open"": 0.67399267, ""high"": 0.71282215, ""low"": 0.6541078, ""close"": 0.67346939}, {""open"": 0.67503925, ""high"": 0.69649398, ""low"": 0.62899006, ""close"": 0.63579278}, {""open"": 0.63631606, ""high"": 0.66300366, ""low"": 0.62271062, ""close"": 0.65567766}, {""open"": 0.65515437, ""high"": 0.66718995, ""low"": 0.60858189, ""close"": 0.61486133}, {""open"": 0.6159079, ""high"": 0.63160649, ""low"": 0.54997384, ""close"": 0.56776557}, {""open"": 0.56724228, ""high"": 0.63736264, ""low"": 0.45735217, ""close"": 0.53113553}, {""open"": 0.53061224, ""high"": 0.56305599, ""low"": 0.47252747, ""close"": 0.5285191}, {""open"": 0.52747253, ""high"": 0.62428048, ""low"": 0.40711669, ""close"": 0.61015175}, {""open"": 0.60805861, ""high"": 0.64782836, ""low"": 0.50444793, ""close"": 0.51020408}, {""open"": 0.51020408, ""high"": 0.65201465, ""low"": 0.50026164, ""close"": 0.64730508}, {""open"": 0.64730508, ""high"": 0.65881737, ""low"": 0.55416013, ""close"": 0.55834642}, {""open"": 0.55782313, ""high"": 0.5970696, ""low"": 0.48927263, ""close"": 0.53165882}, {""open"": 0.53165882, ""high"": 0.53846154, ""low"": 0.44374673, ""close"": 0.44583987}, {""open"": 0.44636316, ""high"": 0.53322868, ""low"": 0.36420722, ""close"": 0.41862899}, {""open"": 0.60805861, ""high"": 0.67451596, ""low"": 0.59968603, ""close"": 0.65829409}, {""open"": 0.65724751, ""high"": 0.70905285, ""low"": 0.64468864, ""close"": 0.67608582}, {""open"": 0.67556253, ""high"": 0.69021455, ""low"": 0.63212977, ""close"": 0.63631606}, {""open"": 0.63526949, ""high"": 0.63526949, ""low"": 0.58294087, ""close"": 0.61957091}, {""open"": 0.61957091, ""high"": 0.62428048, ""low"": 0.56410256, ""close"": 0.57352172}, {""open"": 0.57299843, ""high"": 0.60491889, ""low"": 0.56043956, ""close"": 0.60177917}, {""open"": 0.59392988, ""high"": 0.61486133, ""low"": 0.57927786, ""close"": 0.6122449}, {""open"": 0.61119833, ""high"": 0.66248038, ""low"": 0.61119833, ""close"": 0.66038723}, {""open"": 0.66038723, ""high"": 0.66875981, ""low"": 0.61695447, ""close"": 0.64050235}, {""open"": 0.63945578, ""high"": 0.7032967, ""low"": 0.63003663, ""close"": 0.68655154}, {""open"": 0.68759812, ""high"": 0.74672946, ""low"": 0.68131868, ""close"": 0.74358974}, {""open"": 0.7451596, ""high"": 0.77289377, ""low"": 0.73364731, ""close"": 0.75562533}, {""open"": 0.7566719, ""high"": 0.7833595, ""low"": 0.74358974, ""close"": 0.74934589}, {""open"": 0.74829932, ""high"": 0.84981685, ""low"": 0.73469388, ""close"": 0.83987441}, {""open"": 0.83987441, ""high"": 0.86551544, ""low"": 0.80324437, ""close"": 0.81841968}, {""open"": 0.81894296, ""high"": 1.0, ""low"": 0.72265829, ""close"": 0.94348509}]"
NQ=F,fvg,1733857200,1734102000,66,2026-05-17T14:49:26.736155+00:00,"[{""open"": 0.1814498, ""high"": 0.19315624, ""low"": 0.0850968, ""close"": 0.10535795}, {""open"": 0.10535795, ""high"": 0.10850968, ""low"": 0.0, ""close"": 0.09950473}, {""open"": 0.09995498, ""high"": 0.15398469, ""low"": 0.09860423, ""close"": 0.14768122}, {""open"": 0.14993246, ""high"": 0.16073841, ""low"": 0.11616389, ""close"": 0.13687528}, {""open"": 0.13552454, ""high"": 0.13777578, ""low"": 0.09950473, ""close"": 0.12561909}, {""open"": 0.12651959, ""high"": 0.14993246, ""low"": 0.11976587, ""close"": 0.13777578}, {""open"": 0.13822602, ""high"": 0.14182801, ""low"": 0.12066637, ""close"": 0.13597479}, {""open"": 0.13507429, ""high"": 0.15443494, ""low"": 0.13102206, ""close"": 0.13282305}, {""open"": 0.13282305, ""high"": 0.14317875, ""low"": 0.10986042, ""close"": 0.14137776}, {""open"": 0.13957677, ""high"": 0.14497974, ""low"": 0.12696983, ""close"": 0.14047726}, {""open"": 0.13957677, ""high"": 0.17154435, ""low"": 0.13777578, ""close"": 0.16524088}, {""open"": 0.16659163, ""high"": 0.17604683, ""low"": 0.0954525, ""close"": 0.12156686}, {""open"": 0.12201711, ""high"": 0.16839262, ""low"": 0.11661414, ""close"": 0.143629}, {""open"": 0.14452949, ""high"": 0.18685277, ""low"": 0.13957677, ""close"": 0.17334534}, {""open"": 0.17334534, ""high"": 0.18190005, ""low"": 0.14903197, ""close"": 0.1710941}, {""open"": 0.17154435, ""high"": 0.19225574, ""low"": 0.15713643, ""close"": 0.16118865}, {""open"": 0.1616389, ""high"": 0.17244484, ""low"": 0.14182801, ""close"": 0.15263395}, {""open"": 0.1530842, ""high"": 0.33003152, ""low"": 0.15038271, ""close"": 0.31742458}, {""open"": 0.31652409, ""high"": 0.619991, ""low"": 0.31247186, ""close"": 0.61728951}, {""open"": 0.61819, ""high"": 0.69067987, ""low"": 0.57631697, ""close"": 0.61954075}, {""open"": 0.6190905, ""high"": 0.7514633, ""low"": 0.60828456, ""close"": 0.73390365}, {""open"": 0.73435389, ""high"": 0.78928411, ""low"": 0.73165241, ""close"": 0.77172445}, {""open"": 0.77172445, ""high"": 0.82665466, ""low"": 0.76722197, ""close"": 0.79288609}, {""open"": 0.79288609, ""high"": 0.82485367, ""low"": 0.76902296, ""close"": 0.80549302}, {""open"": 0.80504277, ""high"": 0.84151283, ""low"": 0.78298064, ""close"": 0.78973435}, {""open"": 0.79063485, ""high"": 0.79153534, ""low"": 0.71589374, ""close"": 0.72579919}, {""open"": 0.72760018, ""high"": 0.74606033, ""low"": 0.71139127, ""close"": 0.72985142}, {""open"": 0.72985142, ""high"": 0.73660513, ""low"": 0.70193606, ""close"": 0.71904548}, {""open"": 0.71859523, ""high"": 0.73165241, ""low"": 0.71094102, ""close"": 0.71949572}, {""open"": 0.71949572, ""high"": 0.7325529, ""low"": 0.7136425, ""close"": 0.72084647}, {""open"": 0.72039622, ""high"": 0.73975687, ""low"": 0.72039622, ""close"": 0.73480414}, {""open"": 0.73480414, ""high"": 0.73885637, ""low"": 0.72850068, ""close"": 0.73615489}, {""open"": 0.72940117, ""high"": 0.7420081, ""low"": 0.72624944, ""close"": 0.74155786}, {""open"": 0.74245835, ""high"": 0.75551553, ""low"": 0.72444845, ""close"": 0.73570464}, {""open"": 0.73570464, ""high"": 0.7438091, ""low"": 0.71184151, ""close"": 0.71994597}, {""open"": 0.71949572, ""high"": 0.7529055, ""low"": 0.70238631, ""close"": 0.71904548}, {""open"": 0.72039622, ""high"": 0.73885637, ""low"": 0.68077443, ""close"": 0.68662765}, {""open"": 0.68707789, ""high"": 0.71004052, ""low"": 0.67537145, ""close"": 0.70373706}, {""open"": 0.70328681, ""high"": 0.7136425, ""low"": 0.66321477, ""close"": 0.66861774}, {""open"": 0.66951824, ""high"": 0.68302566, ""low"": 0.61278703, ""close"": 0.62809545}, {""open"": 0.6276452, ""high"": 0.68797839, ""low"": 0.5330932, ""close"": 0.59657812}, {""open"": 0.59612787, ""high"": 0.62404322, ""low"": 0.54615038, ""close"": 0.59432688}, {""open"": 0.59342638, ""high"": 0.6767222, ""low"": 0.48986943, ""close"": 0.66456551}, {""open"": 0.66276452, ""high"": 0.69698334, ""low"": 0.57361549, ""close"": 0.57856821}, {""open"": 0.57856821, ""high"": 0.70058532, ""low"": 0.57001351, ""close"": 0.69653309}, {""open"": 0.69653309, ""high"": 0.70643854, ""low"": 0.61638901, ""close"": 0.619991}, {""open"": 0.61954075, ""high"": 0.65330932, ""low"": 0.56055831, ""close"": 0.59702837}, {""open"": 0.59702837, ""high"": 0.60288158, ""low"": 0.52138676, ""close"": 0.52318775}, {""open"": 0.523638, ""high"": 0.59837911, ""low"": 0.45294912, ""close"": 0.49977488}, {""open"": 0.66276452, ""high"": 0.71994597, ""low"": 0.65556056, ""close"": 0.70598829}, {""open"": 0.7050878, ""high"": 0.74966231, ""low"": 0.69428186, ""close"": 0.72129671}, {""open"": 0.72084647, ""high"": 0.7334534, ""low"": 0.68347591, ""close"": 0.68707789}, {""open"": 0.6861774, ""high"": 0.6861774, ""low"": 0.64115263, ""close"": 0.67266997}, {""open"": 0.67266997, ""high"": 0.6767222, ""low"": 0.62494372, ""close"": 0.63304818}, {""open"": 0.63259793, ""high"": 0.66006303, ""low"": 0.62179199, ""close"": 0.65736155}, {""open"": 0.65060783, ""high"": 0.66861774, ""low"": 0.6380009, ""close"": 0.6663665}, {""open"": 0.66546601, ""high"": 0.70959027, ""low"": 0.66546601, ""close"": 0.70778928}, {""open"": 0.70778928, ""high"": 0.71499325, ""low"": 0.67041873, ""close"": 0.69067987}, {""open"": 0.68977938, ""high"": 0.74470959, ""low"": 0.68167492, ""close"": 0.73030167}, {""open"": 0.73120216, ""high"": 0.78208014, ""low"": 0.72579919, ""close"": 0.77937866}, {""open"": 0.7807294, ""high"": 0.80459253, ""low"": 0.77082395, ""close"": 0.78973435}, {""open"": 0.79063485, ""high"": 0.81359748, ""low"": 0.77937866, ""close"": 0.78433138}, {""open"": 0.78343089, ""high"": 0.87077893, ""low"": 0.77172445, ""close"": 0.86222422}, {""open"": 0.86222422, ""high"": 0.88428636, ""low"": 0.83070689, ""close"": 0.84376407}, {""open"": 0.84421432, ""high"": 1.0, ""low"": 0.76136875, ""close"": 0.95137326}, {""open"": 0.95047276, ""high"": 0.9612787, ""low"": 0.60108059, ""close"": 0.60423233}]"
NQ=F,fvg,1736899200,1737025200,35,2026-05-17T14:49:51.457374+00:00,"[{""open"": 0.05886821, ""high"": 0.0748196, ""low"": 0.04291682, ""close"": 0.06988226}, {""open"": 0.07064185, ""high"": 0.08279529, ""low"": 0.04861375, ""close"": 0.0668439}, {""open"": 0.0668439, ""high"": 0.07216103, ""low"": 0.03456134, ""close"": 0.04367641}, {""open"": 0.04215724, ""high"": 0.05355108, ""low"": 0.03380175, ""close"": 0.03987847}, {""open"": 0.04101785, ""high"": 0.05810862, ""low"": 0.02734523, ""close"": 0.0524117}, {""open"": 0.05469047, ""high"": 0.06380555, ""low"": 0.04595518, ""close"": 0.05165211}, {""open"": 0.0524117, ""high"": 0.07254083, ""low"": 0.04633498, ""close"": 0.0596278}, {""open"": 0.05848842, ""high"": 0.07633878, ""low"": 0.03228257, ""close"": 0.03911888}, {""open"": 0.03987847, ""high"": 0.06494493, ""low"": 0.0, ""close"": 0.03494113}, {""open"": 0.03570072, ""high"": 0.09532852, ""low"": 0.02620585, ""close"": 0.07785796}, {""open"": 0.07861755, ""high"": 0.09418914, ""low"": 0.03608052, ""close"": 0.08507406}, {""open"": 0.08545385, ""high"": 0.16027345, ""low"": 0.08279529, ""close"": 0.1344474}, {""open"": 0.13330801, ""high"": 0.16255222, ""low"": 0.10406381, ""close"": 0.13482719}, {""open"": 0.13368781, ""high"": 0.63805545, ""low"": 0.10824155, ""close"": 0.56551462}, {""open"": 0.56589442, ""high"": 0.66236232, ""low"": 0.42195215, ""close"": 0.63615648}, {""open"": 0.63653627, ""high"": 0.75807064, ""low"": 0.62742119, ""close"": 0.63919483}, {""open"": 0.66767945, ""high"": 0.7014812, ""low"": 0.51234333, ""close"": 0.55336118}, {""open"": 0.55298139, ""high"": 0.69274592, ""low"": 0.53665021, ""close"": 0.62742119}, {""open"": 0.62818078, ""high"": 0.73946069, ""low"": 0.62628181, ""close"": 0.71591341}, {""open"": 0.716673, ""high"": 0.79984808, ""low"": 0.71135587, ""close"": 0.77554121}, {""open"": 0.77516141, ""high"": 0.82605393, ""low"": 0.72730725, ""close"": 0.74060008}, {""open"": 0.73984049, ""high"": 0.75503228, ""low"": 0.69996202, ""close"": 0.71059628}, {""open"": 0.72920623, ""high"": 0.77781998, ""low"": 0.71287505, ""close"": 0.76908469}, {""open"": 0.76908469, ""high"": 0.81845803, ""low"": 0.75807064, ""close"": 0.78465629}, {""open"": 0.78541588, ""high"": 0.78921382, ""low"": 0.74211926, ""close"": 0.74743638}, {""open"": 0.74819597, ""high"": 0.75579187, ""low"": 0.72236992, ""close"": 0.74363844}, {""open"": 0.74249905, ""high"": 0.76452716, ""low"": 0.72274972, ""close"": 0.73566274}, {""open"": 0.73452336, ""high"": 0.74515761, ""low"": 0.71857197, ""close"": 0.72882643}, {""open"": 0.72085074, ""high"": 0.73072541, ""low"": 0.67717433, ""close"": 0.69540448}, {""open"": 0.69540448, ""high"": 0.83213065, ""low"": 0.67451576, ""close"": 0.80782378}, {""open"": 0.80744398, ""high"": 0.98898595, ""low"": 0.79529054, ""close"": 0.98214964}, {""open"": 0.98176984, ""high"": 1.0, ""low"": 0.90391189, ""close"": 0.95784276}, {""open"": 0.95708318, ""high"": 0.9699962, ""low"": 0.8287125, ""close"": 0.8583365}, {""open"": 0.8579567, ""high"": 0.91302697, ""low"": 0.81466008, ""close"": 0.89631599}, {""open"": 0.89479681, ""high"": 0.9255602, ""low"": 0.8731485, ""close"": 0.90846943}]"
NQ=F,fvg,1736910000,1737021600,31,2026-05-17T14:49:55.994638+00:00,"[{""open"": 0.04215724, ""high"": 0.05355108, ""low"": 0.03380175, ""close"": 0.03987847}, {""open"": 0.04101785, ""high"": 0.05810862, ""low"": 0.02734523, ""close"": 0.0524117}, {""open"": 0.05469047, ""high"": 0.06380555, ""low"": 0.04595518, ""close"": 0.05165211}, {""open"": 0.0524117, ""high"": 0.07254083, ""low"": 0.04633498, ""close"": 0.0596278}, {""open"": 0.05848842, ""high"": 0.07633878, ""low"": 0.03228257, ""close"": 0.03911888}, {""open"": 0.03987847, ""high"": 0.06494493, ""low"": 0.0, ""close"": 0.03494113}, {""open"": 0.03570072, ""high"": 0.09532852, ""low"": 0.02620585, ""close"": 0.07785796}, {""open"": 0.07861755, ""high"": 0.09418914, ""low"": 0.03608052, ""close"": 0.08507406}, {""open"": 0.08545385, ""high"": 0.16027345, ""low"": 0.08279529, ""close"": 0.1344474}, {""open"": 0.13330801, ""high"": 0.16255222, ""low"": 0.10406381, ""close"": 0.13482719}, {""open"": 0.13368781, ""high"": 0.63805545, ""low"": 0.10824155, ""close"": 0.56551462}, {""open"": 0.56589442, ""high"": 0.66236232, ""low"": 0.42195215, ""close"": 0.63615648}, {""open"": 0.63653627, ""high"": 0.75807064, ""low"": 0.62742119, ""close"": 0.63919483}, {""open"": 0.66767945, ""high"": 0.7014812, ""low"": 0.51234333, ""close"": 0.55336118}, {""open"": 0.55298139, ""high"": 0.69274592, ""low"": 0.53665021, ""close"": 0.62742119}, {""open"": 0.62818078, ""high"": 0.73946069, ""low"": 0.62628181, ""close"": 0.71591341}, {""open"": 0.716673, ""high"": 0.79984808, ""low"": 0.71135587, ""close"": 0.77554121}, {""open"": 0.77516141, ""high"": 0.82605393, ""low"": 0.72730725, ""close"": 0.74060008}, {""open"": 0.73984049, ""high"": 0.75503228, ""low"": 0.69996202, ""close"": 0.71059628}, {""open"": 0.72920623, ""high"": 0.77781998, ""low"": 0.71287505, ""close"": 0.76908469}, {""open"": 0.76908469, ""high"": 0.81845803, ""low"": 0.75807064, ""close"": 0.78465629}, {""open"": 0.78541588, ""high"": 0.78921382, ""low"": 0.74211926, ""close"": 0.74743638}, {""open"": 0.74819597, ""high"": 0.75579187, ""low"": 0.72236992, ""close"": 0.74363844}, {""open"": 0.74249905, ""high"": 0.76452716, ""low"": 0.72274972, ""close"": 0.73566274}, {""open"": 0.73452336, ""high"": 0.74515761, ""low"": 0.71857197, ""close"": 0.72882643}, {""open"": 0.72085074, ""high"": 0.73072541, ""low"": 0.67717433, ""close"": 0.69540448}, {""open"": 0.69540448, ""high"": 0.83213065, ""low"": 0.67451576, ""close"": 0.80782378}, {""open"": 0.80744398, ""high"": 0.98898595, ""low"": 0.79529054, ""close"": 0.98214964}, {""open"": 0.98176984, ""high"": 1.0, ""low"": 0.90391189, ""close"": 0.95784276}, {""open"": 0.95708318, ""high"": 0.9699962, ""low"": 0.8287125, ""close"": 0.8583365}, {""open"": 0.8579567, ""high"": 0.91302697, ""low"": 0.81466008, ""close"": 0.89631599}]"
NQ=F,fvg,1736924400,1737036000,31,2026-05-17T14:50:02.021243+00:00,"[{""open"": 0.05848842, ""high"": 0.07633878, ""low"": 0.03228257, ""close"": 0.03911888}, {""open"": 0.03987847, ""high"": 0.06494493, ""low"": 0.0, ""close"": 0.03494113}, {""open"": 0.03570072, ""high"": 0.09532852, ""low"": 0.02620585, ""close"": 0.07785796}, {""open"": 0.07861755, ""high"": 0.09418914, ""low"": 0.03608052, ""close"": 0.08507406}, {""open"": 0.08545385, ""high"": 0.16027345, ""low"": 0.08279529, ""close"": 0.1344474}, {""open"": 0.13330801, ""high"": 0.16255222, ""low"": 0.10406381, ""close"": 0.13482719}, {""open"": 0.13368781, ""high"": 0.63805545, ""low"": 0.10824155, ""close"": 0.56551462}, {""open"": 0.56589442, ""high"": 0.66236232, ""low"": 0.42195215, ""close"": 0.63615648}, {""open"": 0.63653627, ""high"": 0.75807064, ""low"": 0.62742119, ""close"": 0.63919483}, {""open"": 0.66767945, ""high"": 0.7014812, ""low"": 0.51234333, ""close"": 0.55336118}, {""open"": 0.55298139, ""high"": 0.69274592, ""low"": 0.53665021, ""close"": 0.62742119}, {""open"": 0.62818078, ""high"": 0.73946069, ""low"": 0.62628181, ""close"": 0.71591341}, {""open"": 0.716673, ""high"": 0.79984808, ""low"": 0.71135587, ""close"": 0.77554121}, {""open"": 0.77516141, ""high"": 0.82605393, ""low"": 0.72730725, ""close"": 0.74060008}, {""open"": 0.73984049, ""high"": 0.75503228, ""low"": 0.69996202, ""close"": 0.71059628}, {""open"": 0.72920623, ""high"": 0.77781998, ""low"": 0.71287505, ""close"": 0.76908469}, {""open"": 0.76908469, ""high"": 0.81845803, ""low"": 0.75807064, ""close"": 0.78465629}, {""open"": 0.78541588, ""high"": 0.78921382, ""low"": 0.74211926, ""close"": 0.74743638}, {""open"": 0.74819597, ""high"": 0.75579187, ""low"": 0.72236992, ""close"": 0.74363844}, {""open"": 0.74249905, ""high"": 0.76452716, ""low"": 0.72274972, ""close"": 0.73566274}, {""open"": 0.73452336, ""high"": 0.74515761, ""low"": 0.71857197, ""close"": 0.72882643}, {""open"": 0.72085074, ""high"": 0.73072541, ""low"": 0.67717433, ""close"": 0.69540448}, {""open"": 0.69540448, ""high"": 0.83213065, ""low"": 0.67451576, ""close"": 0.80782378}, {""open"": 0.80744398, ""high"": 0.98898595, ""low"": 0.79529054, ""close"": 0.98214964}, {""open"": 0.98176984, ""high"": 1.0, ""low"": 0.90391189, ""close"": 0.95784276}, {""open"": 0.95708318, ""high"": 0.9699962, ""low"": 0.8287125, ""close"": 0.8583365}, {""open"": 0.8579567, ""high"": 0.91302697, ""low"": 0.81466008, ""close"": 0.89631599}, {""open"": 0.89479681, ""high"": 0.9255602, ""low"": 0.8731485, ""close"": 0.90846943}, {""open"": 0.90922902, ""high"": 0.91302697, ""low"": 0.79225218, ""close"": 0.8063046}, {""open"": 0.80744398, ""high"": 0.87428788, ""low"": 0.7763008, ""close"": 0.85909609}, {""open"": 0.8583365, ""high"": 0.89821496, ""low"": 0.69996202, ""close"": 0.71363464}]"
NQ=F,fvg,1736910000,1737144000,64,2026-05-17T14:50:13.090365+00:00,"[{""open"": 0.03587589, ""high"": 0.04557207, ""low"": 0.02876535, ""close"": 0.03393665}, {""open"": 0.03490627, ""high"": 0.04945055, ""low"": 0.02327085, ""close"": 0.04460246}, {""open"": 0.04654169, ""high"": 0.05429864, ""low"": 0.03910795, ""close"": 0.04395604}, {""open"": 0.04460246, ""high"": 0.06173239, ""low"": 0.03943116, ""close"": 0.05074337}, {""open"": 0.04977376, ""high"": 0.06496445, ""low"": 0.02747253, ""close"": 0.03329024}, {""open"": 0.03393665, ""high"": 0.05526826, ""low"": 0.0, ""close"": 0.02973497}, {""open"": 0.03038138, ""high"": 0.08112476, ""low"": 0.02230123, ""close"": 0.06625727}, {""open"": 0.06690368, ""high"": 0.08015514, ""low"": 0.03070459, ""close"": 0.07239819}, {""open"": 0.0727214, ""high"": 0.13639302, ""low"": 0.07045895, ""close"": 0.114415}, {""open"": 0.11344538, ""high"": 0.13833226, ""low"": 0.0885585, ""close"": 0.1147382}, {""open"": 0.11376858, ""high"": 0.54298643, ""low"": 0.09211377, ""close"": 0.48125404}, {""open"": 0.48157725, ""high"": 0.56367162, ""low"": 0.35908209, ""close"": 0.54137039}, {""open"": 0.5416936, ""high"": 0.64511959, ""low"": 0.53393665, ""close"": 0.54395604}, {""open"": 0.56819651, ""high"": 0.59696186, ""low"": 0.43600517, ""close"": 0.47091144}, {""open"": 0.47058824, ""high"": 0.58952812, ""low"": 0.45669037, ""close"": 0.53393665}, {""open"": 0.53458306, ""high"": 0.62928248, ""low"": 0.53296703, ""close"": 0.6092437}, {""open"": 0.60989011, ""high"": 0.68067227, ""low"": 0.60536522, ""close"": 0.65998707}, {""open"": 0.65966387, ""high"": 0.7029735, ""low"": 0.61893988, ""close"": 0.6302521}, {""open"": 0.62960569, ""high"": 0.64253394, ""low"": 0.59566904, ""close"": 0.60471881}, {""open"": 0.62055591, ""high"": 0.66192631, ""low"": 0.60665805, ""close"": 0.65449257}, {""open"": 0.65449257, ""high"": 0.69650937, ""low"": 0.64511959, ""close"": 0.66774402}, {""open"": 0.66839043, ""high"": 0.6716225, ""low"": 0.63154493, ""close"": 0.63606981}, {""open"": 0.63671622, ""high"": 0.64318035, ""low"": 0.6147382, ""close"": 0.63283775}, {""open"": 0.63186813, ""high"": 0.65061409, ""low"": 0.61506141, ""close"": 0.62605042}, {""open"": 0.6250808, ""high"": 0.63413058, ""low"": 0.61150614, ""close"": 0.62023271}, {""open"": 0.61344538, ""high"": 0.62184874, ""low"": 0.57627666, ""close"": 0.59179056}, {""open"": 0.59179056, ""high"": 0.7081448, ""low"": 0.57401422, ""close"": 0.6874596}, {""open"": 0.68713639, ""high"": 0.84162896, ""low"": 0.67679379, ""close"": 0.83581125}, {""open"": 0.83548804, ""high"": 0.85100194, ""low"": 0.76923077, ""close"": 0.81512605}, {""open"": 0.81447964, ""high"": 0.82546865, ""low"": 0.70523594, ""close"": 0.73044602}, {""open"": 0.73012282, ""high"": 0.77698772, ""low"": 0.69327731, ""close"": 0.76276665}, {""open"": 0.76147382, ""high"": 0.78765352, ""low"": 0.74305107, ""close"": 0.77310924}, {""open"": 0.77375566, ""high"": 0.77698772, ""low"": 0.67420814, ""close"": 0.68616677}, {""open"": 0.68713639, ""high"": 0.74402069, ""low"": 0.66063348, ""close"": 0.73109244}, {""open"": 0.73044602, ""high"": 0.76438268, ""low"": 0.59566904, ""close"": 0.60730446}, {""open"": 0.60536522, ""high"": 0.67000646, ""low"": 0.55268261, ""close"": 0.6667744}, {""open"": 0.66612799, ""high"": 0.73141564, ""low"": 0.52844215, ""close"": 0.63574661}, {""open"": 0.63510019, ""high"": 0.66839043, ""low"": 0.59502262, ""close"": 0.61603103}, {""open"": 0.61732385, ""high"": 0.65190692, ""low"": 0.45669037, ""close"": 0.49321267}, {""open"": 0.49224305, ""high"": 0.60989011, ""low"": 0.47608274, ""close"": 0.60180995}, {""open"": 0.60180995, ""high"": 0.62928248, ""low"": 0.43277311, ""close"": 0.43794441}, {""open"": 0.43859082, ""high"": 0.44117647, ""low"": 0.34033613, ""close"": 0.39463478}, {""open"": 0.41176471, ""high"": 0.4272786, ""low"": 0.38817065, ""close"": 0.42146089}, {""open"": 0.41952165, ""high"": 0.43051067, ""low"": 0.41111829, ""close"": 0.42792502}, {""open"": 0.42857143, ""high"": 0.47220427, ""low"": 0.42598578, ""close"": 0.46056884}, {""open"": 0.46121526, ""high"": 0.4844861, ""low"": 0.43988365, ""close"": 0.45119586}, {""open"": 0.45151907, ""high"": 0.48351648, ""low"": 0.43632838, ""close"": 0.48093083}, {""open"": 0.48028442, ""high"": 0.51519069, ""low"": 0.47705236, ""close"": 0.49127343}, {""open"": 0.49806076, ""high"": 0.51777634, ""low"": 0.49030381, ""close"": 0.50387847}, {""open"": 0.50290886, ""high"": 0.51228184, ""low"": 0.47608274, ""close"": 0.49095023}, {""open"": 0.49095023, ""high"": 0.49644473, ""low"": 0.44311571, ""close"": 0.47446671}, {""open"": 0.4741435, ""high"": 0.53296703, ""low"": 0.46929541, ""close"": 0.52456367}, {""open"": 0.52424047, ""high"": 0.57886231, ""low"": 0.51712993, ""close"": 0.56140918}, {""open"": 0.56205559, ""high"": 0.57498384, ""low"": 0.53684551, ""close"": 0.54977376}, {""open"": 0.55009696, ""high"": 0.58597285, ""low"": 0.53199741, ""close"": 0.54266322}, {""open"": 0.54234001, ""high"": 0.57433743, ""low"": 0.51422107, ""close"": 0.56367162}, {""open"": 0.56399483, ""high"": 0.822883, ""low"": 0.5623788, ""close"": 0.8177117}, {""open"": 0.81803491, ""high"": 1.0, ""low"": 0.74725275, ""close"": 0.77278604}, {""open"": 0.77117001, ""high"": 0.8904331, ""low"": 0.739819, ""close"": 0.8852618}, {""open"": 0.88461538, ""high"": 0.9424693, ""low"": 0.85520362, ""close"": 0.87233355}, {""open"": 0.87201034, ""high"": 0.9321267, ""low"": 0.84130575, ""close"": 0.9272786}, {""open"": 0.9269554, ""high"": 0.98642534, ""low"": 0.90885585, ""close"": 0.93438914}, {""open"": 0.93471235, ""high"": 0.95119586, ""low"": 0.90497738, ""close"": 0.92243051}, {""open"": 0.9217841, ""high"": 0.94311571, ""low"": 0.86683904, ""close"": 0.89398836}]"
NQ=F,fvg,1736946000,1737140400,53,2026-05-17T14:50:19.293612+00:00,"[{""open"": 0.0238519, ""high"": 0.49661801, ""low"": 0.0, ""close"": 0.42862229}, {""open"": 0.42897828, ""high"": 0.51940192, ""low"": 0.29405482, ""close"": 0.49483802}, {""open"": 0.49519402, ""high"": 0.60911356, ""low"": 0.48665005, ""close"": 0.49768601}, {""open"": 0.5243859, ""high"": 0.55606978, ""low"": 0.37878248, ""close"": 0.41723033}, {""open"": 0.41687433, ""high"": 0.54788181, ""low"": 0.40156639, ""close"": 0.48665005}, {""open"": 0.48736205, ""high"": 0.59166963, ""low"": 0.48558206, ""close"": 0.56959772}, {""open"": 0.57030972, ""high"": 0.64827341, ""low"": 0.56532574, ""close"": 0.6254895}, {""open"": 0.6251335, ""high"": 0.67283731, ""low"": 0.58027768, ""close"": 0.59273763}, {""open"": 0.59202563, ""high"": 0.60626557, ""low"": 0.55464578, ""close"": 0.56461374}, {""open"": 0.58205767, ""high"": 0.62762549, ""low"": 0.56674973, ""close"": 0.61943752}, {""open"": 0.61943752, ""high"": 0.66571734, ""low"": 0.60911356, ""close"": 0.63403346}, {""open"": 0.63474546, ""high"": 0.63830545, ""low"": 0.59416162, ""close"": 0.5991456}, {""open"": 0.5998576, ""high"": 0.60697757, ""low"": 0.5756497, ""close"": 0.59558562}, {""open"": 0.59451762, ""high"": 0.61516554, ""low"": 0.5760057, ""close"": 0.58810965}, {""open"": 0.58704165, ""high"": 0.59700961, ""low"": 0.57208971, ""close"": 0.58170167}, {""open"": 0.5742257, ""high"": 0.58348167, ""low"": 0.53328587, ""close"": 0.5503738}, {""open"": 0.5503738, ""high"": 0.67853329, ""low"": 0.53079388, ""close"": 0.65574938}, {""open"": 0.65539338, ""high"": 0.8255607, ""low"": 0.64400142, ""close"": 0.81915272}, {""open"": 0.81879672, ""high"": 0.83588466, ""low"": 0.74581702, ""close"": 0.79636881}, {""open"": 0.79565682, ""high"": 0.80776077, ""low"": 0.6753293, ""close"": 0.70309719}, {""open"": 0.70274119, ""high"": 0.75436098, ""low"": 0.66215735, ""close"": 0.73869705}, {""open"": 0.73727305, ""high"": 0.76610894, ""low"": 0.71698113, ""close"": 0.750089}, {""open"": 0.750801, ""high"": 0.75436098, ""low"": 0.64115344, ""close"": 0.65432538}, {""open"": 0.65539338, ""high"": 0.71804913, ""low"": 0.6262015, ""close"": 0.70380918}, {""open"": 0.70309719, ""high"": 0.74047704, ""low"": 0.55464578, ""close"": 0.56746173}, {""open"": 0.56532574, ""high"": 0.63652545, ""low"": 0.50729797, ""close"": 0.63296547}, {""open"": 0.63225347, ""high"": 0.70416518, ""low"": 0.48059808, ""close"": 0.5987896}, {""open"": 0.59807761, ""high"": 0.63474546, ""low"": 0.55393378, ""close"": 0.57707369}, {""open"": 0.57849769, ""high"": 0.61658953, ""low"": 0.40156639, ""close"": 0.44179423}, {""open"": 0.44072624, ""high"": 0.57030972, ""low"": 0.42292631, ""close"": 0.56140975}, {""open"": 0.56140975, ""high"": 0.59166963, ""low"": 0.3752225, ""close"": 0.38091848}, {""open"": 0.38163047, ""high"": 0.38447846, ""low"": 0.27340691, ""close"": 0.33321467}, {""open"": 0.35208259, ""high"": 0.36917052, ""low"": 0.3260947, ""close"": 0.36276255}, {""open"": 0.36062656, ""high"": 0.37273051, ""low"": 0.35137059, ""close"": 0.36988252}, {""open"": 0.37059452, ""high"": 0.41865433, ""low"": 0.36774653, ""close"": 0.40583838}, {""open"": 0.40655037, ""high"": 0.43218227, ""low"": 0.38305447, ""close"": 0.39551442}, {""open"": 0.39587042, ""high"": 0.43111428, ""low"": 0.37913848, ""close"": 0.42826629}, {""open"": 0.42755429, ""high"": 0.46600214, ""low"": 0.4239943, ""close"": 0.43965824}, {""open"": 0.44713421, ""high"": 0.46885012, ""low"": 0.43859025, ""close"": 0.45354219}, {""open"": 0.45247419, ""high"": 0.46279815, ""low"": 0.42292631, ""close"": 0.43930224}, {""open"": 0.43930224, ""high"": 0.44535422, ""low"": 0.38661445, ""close"": 0.42114632}, {""open"": 0.42079032, ""high"": 0.48558206, ""low"": 0.41545034, ""close"": 0.47632609}, {""open"": 0.4759701, ""high"": 0.53613386, ""low"": 0.46813813, ""close"": 0.51690993}, {""open"": 0.51762193, ""high"": 0.53186187, ""low"": 0.48985404, ""close"": 0.50409398}, {""open"": 0.50444998, ""high"": 0.54396582, ""low"": 0.48451406, ""close"": 0.49626201}, {""open"": 0.49590602, ""high"": 0.53114988, ""low"": 0.46493414, ""close"": 0.51940192}, {""open"": 0.51975792, ""high"": 0.80491278, ""low"": 0.51797793, ""close"": 0.7992168}, {""open"": 0.7995728, ""high"": 1.0, ""low"": 0.72160911, ""close"": 0.749733}, {""open"": 0.74795301, ""high"": 0.87931648, ""low"": 0.71342115, ""close"": 0.87362051}, {""open"": 0.87290851, ""high"": 0.93663225, ""low"": 0.84051264, ""close"": 0.85938056}, {""open"": 0.85902456, ""high"": 0.9252403, ""low"": 0.8252047, ""close"": 0.91990032}, {""open"": 0.91954432, ""high"": 0.98504806, ""low"": 0.8996084, ""close"": 0.92773229}, {""open"": 0.92808829, ""high"": 0.94624422, ""low"": 0.89533642, ""close"": 0.91456034}]"
NQ=F,fvg,1736917200,1737327600,64,2026-05-17T14:50:23.855004+00:00,"[{""open"": 0.04654169, ""high"": 0.05429864, ""low"": 0.03910795, ""close"": 0.04395604}, {""open"": 0.04460246, ""high"": 0.06173239, ""low"": 0.03943116, ""close"": 0.05074337}, {""open"": 0.04977376, ""high"": 0.06496445, ""low"": 0.02747253, ""close"": 0.03329024}, {""open"": 0.03393665, ""high"": 0.05526826, ""low"": 0.0, ""close"": 0.02973497}, {""open"": 0.03038138, ""high"": 0.08112476, ""low"": 0.02230123, ""close"": 0.06625727}, {""open"": 0.06690368, ""high"": 0.08015514, ""low"": 0.03070459, ""close"": 0.07239819}, {""open"": 0.0727214, ""high"": 0.13639302, ""low"": 0.07045895, ""close"": 0.114415}, {""open"": 0.11344538, ""high"": 0.13833226, ""low"": 0.0885585, ""close"": 0.1147382}, {""open"": 0.11376858, ""high"": 0.54298643, ""low"": 0.09211377, ""close"": 0.48125404}, {""open"": 0.48157725, ""high"": 0.56367162, ""low"": 0.35908209, ""close"": 0.54137039}, {""open"": 0.5416936, ""high"": 0.64511959, ""low"": 0.53393665, ""close"": 0.54395604}, {""open"": 0.56819651, ""high"": 0.59696186, ""low"": 0.43600517, ""close"": 0.47091144}, {""open"": 0.47058824, ""high"": 0.58952812, ""low"": 0.45669037, ""close"": 0.53393665}, {""open"": 0.53458306, ""high"": 0.62928248, ""low"": 0.53296703, ""close"": 0.6092437}, {""open"": 0.60989011, ""high"": 0.68067227, ""low"": 0.60536522, ""close"": 0.65998707}, {""open"": 0.65966387, ""high"": 0.7029735, ""low"": 0.61893988, ""close"": 0.6302521}, {""open"": 0.62960569, ""high"": 0.64253394, ""low"": 0.59566904, ""close"": 0.60471881}, {""open"": 0.62055591, ""high"": 0.66192631, ""low"": 0.60665805, ""close"": 0.65449257}, {""open"": 0.65449257, ""high"": 0.69650937, ""low"": 0.64511959, ""close"": 0.66774402}, {""open"": 0.66839043, ""high"": 0.6716225, ""low"": 0.63154493, ""close"": 0.63606981}, {""open"": 0.63671622, ""high"": 0.64318035, ""low"": 0.6147382, ""close"": 0.63283775}, {""open"": 0.63186813, ""high"": 0.65061409, ""low"": 0.61506141, ""close"": 0.62605042}, {""open"": 0.6250808, ""high"": 0.63413058, ""low"": 0.61150614, ""close"": 0.62023271}, {""open"": 0.61344538, ""high"": 0.62184874, ""low"": 0.57627666, ""close"": 0.59179056}, {""open"": 0.59179056, ""high"": 0.7081448, ""low"": 0.57401422, ""close"": 0.6874596}, {""open"": 0.68713639, ""high"": 0.84162896, ""low"": 0.67679379, ""close"": 0.83581125}, {""open"": 0.83548804, ""high"": 0.85100194, ""low"": 0.76923077, ""close"": 0.81512605}, {""open"": 0.81447964, ""high"": 0.82546865, ""low"": 0.70523594, ""close"": 0.73044602}, {""open"": 0.73012282, ""high"": 0.77698772, ""low"": 0.69327731, ""close"": 0.76276665}, {""open"": 0.76147382, ""high"": 0.78765352, ""low"": 0.74305107, ""close"": 0.77310924}, {""open"": 0.77375566, ""high"": 0.77698772, ""low"": 0.67420814, ""close"": 0.68616677}, {""open"": 0.68713639, ""high"": 0.74402069, ""low"": 0.66063348, ""close"": 0.73109244}, {""open"": 0.73044602, ""high"": 0.76438268, ""low"": 0.59566904, ""close"": 0.60730446}, {""open"": 0.60536522, ""high"": 0.67000646, ""low"": 0.55268261, ""close"": 0.6667744}, {""open"": 0.66612799, ""high"": 0.73141564, ""low"": 0.52844215, ""close"": 0.63574661}, {""open"": 0.63510019, ""high"": 0.66839043, ""low"": 0.59502262, ""close"": 0.61603103}, {""open"": 0.61732385, ""high"": 0.65190692, ""low"": 0.45669037, ""close"": 0.49321267}, {""open"": 0.49224305, ""high"": 0.60989011, ""low"": 0.47608274, ""close"": 0.60180995}, {""open"": 0.60180995, ""high"": 0.62928248, ""low"": 0.43277311, ""close"": 0.43794441}, {""open"": 0.43859082, ""high"": 0.44117647, ""low"": 0.34033613, ""close"": 0.39463478}, {""open"": 0.41176471, ""high"": 0.4272786, ""low"": 0.38817065, ""close"": 0.42146089}, {""open"": 0.41952165, ""high"": 0.43051067, ""low"": 0.41111829, ""close"": 0.42792502}, {""open"": 0.42857143, ""high"": 0.47220427, ""low"": 0.42598578, ""close"": 0.46056884}, {""open"": 0.46121526, ""high"": 0.4844861, ""low"": 0.43988365, ""close"": 0.45119586}, {""open"": 0.45151907, ""high"": 0.48351648, ""low"": 0.43632838, ""close"": 0.48093083}, {""open"": 0.48028442, ""high"": 0.51519069, ""low"": 0.47705236, ""close"": 0.49127343}, {""open"": 0.49806076, ""high"": 0.51777634, ""low"": 0.49030381, ""close"": 0.50387847}, {""open"": 0.50290886, ""high"": 0.51228184, ""low"": 0.47608274, ""close"": 0.49095023}, {""open"": 0.49095023, ""high"": 0.49644473, ""low"": 0.44311571, ""close"": 0.47446671}, {""open"": 0.4741435, ""high"": 0.53296703, ""low"": 0.46929541, ""close"": 0.52456367}, {""open"": 0.52424047, ""high"": 0.57886231, ""low"": 0.51712993, ""close"": 0.56140918}, {""open"": 0.56205559, ""high"": 0.57498384, ""low"": 0.53684551, ""close"": 0.54977376}, {""open"": 0.55009696, ""high"": 0.58597285, ""low"": 0.53199741, ""close"": 0.54266322}, {""open"": 0.54234001, ""high"": 0.57433743, ""low"": 0.51422107, ""close"": 0.56367162}, {""open"": 0.56399483, ""high"": 0.822883, ""low"": 0.5623788, ""close"": 0.8177117}, {""open"": 0.81803491, ""high"": 1.0, ""low"": 0.74725275, ""close"": 0.77278604}, {""open"": 0.77117001, ""high"": 0.8904331, ""low"": 0.739819, ""close"": 0.8852618}, {""open"": 0.88461538, ""high"": 0.9424693, ""low"": 0.85520362, ""close"": 0.87233355}, {""open"": 0.87201034, ""high"": 0.9321267, ""low"": 0.84130575, ""close"": 0.9272786}, {""open"": 0.9269554, ""high"": 0.98642534, ""low"": 0.90885585, ""close"": 0.93438914}, {""open"": 0.93471235, ""high"": 0.95119586, ""low"": 0.90497738, ""close"": 0.92243051}, {""open"": 0.9217841, ""high"": 0.94311571, ""low"": 0.86683904, ""close"": 0.89398836}, {""open"": 0.89431157, ""high"": 0.89915966, ""low"": 0.85681965, ""close"": 0.87912088}, {""open"": 0.89334195, ""high"": 0.9166128, ""low"": 0.79831933, ""close"": 0.82223659}]"
NQ=F,fvg,1777600800,1777885200,25,2026-05-17T14:58:25.415401+00:00,"[{""open"": 0.26135041, ""high"": 0.27008149, ""low"": 0.20547148, ""close"": 0.24621653}, {""open"": 0.24738068, ""high"": 0.32188591, ""low"": 0.22817229, ""close"": 0.25203725}, {""open"": 0.21478463, ""high"": 0.2322468, ""low"": 0.1967404, ""close"": 0.21478463}, {""open"": 0.21420256, ""high"": 0.24330617, ""low"": 0.17694994, ""close"": 0.18742724}, {""open"": 0.18975553, ""high"": 0.21478463, ""low"": 0.12863795, ""close"": 0.14027939}, {""open"": 0.13853318, ""high"": 0.20838184, ""low"": 0.08323632, ""close"": 0.10069849}, {""open"": 0.10302678, ""high"": 0.14318976, ""low"": 0.04249127, ""close"": 0.07101281}, {""open"": 0.06926659, ""high"": 0.09254948, ""low"": 0.02153667, ""close"": 0.07799767}, {""open"": 0.07916182, ""high"": 0.10360885, ""low"": 0.0, ""close"": 0.07799767}, {""open"": 0.07916182, ""high"": 0.09022119, ""low"": 0.00232829, ""close"": 0.06519208}, {""open"": 0.06577416, ""high"": 0.20838184, ""low"": 0.0250291, ""close"": 0.09487776}, {""open"": 0.09371362, ""high"": 0.79045402, ""low"": 0.0919674, ""close"": 0.78521537}, {""open"": 0.78521537, ""high"": 0.86845169, ""low"": 0.5, ""close"": 0.64842841}, {""open"": 0.64959255, ""high"": 0.88649593, ""low"": 0.5419092, ""close"": 0.82537835}, {""open"": 0.82537835, ""high"": 0.85040745, ""low"": 0.62689173, ""close"": 0.68742724}, {""open"": 0.6862631, ""high"": 0.83993015, ""low"": 0.68044237, ""close"": 0.80908033}, {""open"": 0.80791618, ""high"": 0.8242142, ""low"": 0.60186263, ""close"": 0.66472643}, {""open"": 0.66589057, ""high"": 0.84866123, ""low"": 0.65599534, ""close"": 0.70023283}, {""open"": 0.7008149, ""high"": 0.70139697, ""low"": 0.51105937, ""close"": 0.69732247}, {""open"": 0.69732247, ""high"": 0.97089639, ""low"": 0.69732247, ""close"": 0.9371362}, {""open"": 0.93538999, ""high"": 1.0, ""low"": 0.91792782, ""close"": 0.92956927}, {""open"": 0.93015134, ""high"": 0.94062864, ""low"": 0.78230501, ""close"": 0.83643772}, {""open"": 0.83876601, ""high"": 0.96623981, ""low"": 0.8032596, ""close"": 0.87543655}, {""open"": 0.87485448, ""high"": 0.88009313, ""low"": 0.7636787, ""close"": 0.82945285}, {""open"": 0.83410943, ""high"": 0.90454016, ""low"": 0.80849825, ""close"": 0.8242142}]"
NQ=F,fvg,1777626000,1778007600,51,2026-05-17T14:58:33.020245+00:00,"[{""open"": 0.04562883, ""high"": 0.06096626, ""low"": 0.01418712, ""close"": 0.05138037}, {""open"": 0.05214724, ""high"": 0.06825153, ""low"": 0.0, ""close"": 0.05138037}, {""open"": 0.05214724, ""high"": 0.05943252, ""low"": 0.00153374, ""close"": 0.04294479}, {""open"": 0.04332822, ""high"": 0.13726994, ""low"": 0.01648773, ""close"": 0.0625}, {""open"": 0.06173313, ""high"": 0.52070552, ""low"": 0.06058282, ""close"": 0.5172546}, {""open"": 0.5172546, ""high"": 0.57208589, ""low"": 0.32937117, ""close"": 0.42714724}, {""open"": 0.42791411, ""high"": 0.58397239, ""low"": 0.35697853, ""close"": 0.54371166}, {""open"": 0.54371166, ""high"": 0.56019939, ""low"": 0.41296012, ""close"": 0.45283742}, {""open"": 0.45207055, ""high"": 0.55329755, ""low"": 0.4482362, ""close"": 0.53297546}, {""open"": 0.53220859, ""high"": 0.54294479, ""low"": 0.39647239, ""close"": 0.43788344}, {""open"": 0.43865031, ""high"": 0.55904908, ""low"": 0.4321319, ""close"": 0.46127301}, {""open"": 0.46165644, ""high"": 0.46203988, ""low"": 0.33665644, ""close"": 0.45935583}, {""open"": 0.45935583, ""high"": 0.63957055, ""low"": 0.45935583, ""close"": 0.61733129}, {""open"": 0.61618098, ""high"": 0.65874233, ""low"": 0.60467791, ""close"": 0.61234663}, {""open"": 0.61273006, ""high"": 0.6196319, ""low"": 0.51533742, ""close"": 0.55099693}, {""open"": 0.55253067, ""high"": 0.63650307, ""low"": 0.5291411, ""close"": 0.57668712}, {""open"": 0.57630368, ""high"": 0.5797546, ""low"": 0.50306748, ""close"": 0.54639571}, {""open"": 0.54946319, ""high"": 0.5958589, ""low"": 0.53259202, ""close"": 0.54294479}, {""open"": 0.54409509, ""high"": 0.55329755, ""low"": 0.19325153, ""close"": 0.4256135}, {""open"": 0.42753067, ""high"": 0.47776074, ""low"": 0.37193252, ""close"": 0.44555215}, {""open"": 0.4482362, ""high"": 0.52952454, ""low"": 0.44785276, ""close"": 0.47277607}, {""open"": 0.47392638, ""high"": 0.5559816, ""low"": 0.38535276, ""close"": 0.55099693}, {""open"": 0.5517638, ""high"": 0.62078221, ""low"": 0.4720092, ""close"": 0.53029141}, {""open"": 0.53029141, ""high"": 0.5797546, ""low"": 0.24693252, ""close"": 0.30444785}, {""open"": 0.30368098, ""high"": 0.3243865, ""low"": 0.11771472, ""close"": 0.2607362}, {""open"": 0.25920245, ""high"": 0.41027607, ""low"": 0.25728528, ""close"": 0.39263804}, {""open"": 0.39263804, ""high"": 0.43328221, ""low"": 0.27875767, ""close"": 0.34279141}, {""open"": 0.3416411, ""high"": 0.39532209, ""low"": 0.31211656, ""close"": 0.37423313}, {""open"": 0.37346626, ""high"": 0.37538344, ""low"": 0.31058282, ""close"": 0.31710123}, {""open"": 0.34317485, ""high"": 0.38842025, ""low"": 0.31365031, ""close"": 0.33320552}, {""open"": 0.33090491, ""high"": 0.35046012, ""low"": 0.29984663, ""close"": 0.32093558}, {""open"": 0.3232362, ""high"": 0.39378834, ""low"": 0.31211656, ""close"": 0.3815184}, {""open"": 0.3815184, ""high"": 0.45552147, ""low"": 0.35506135, ""close"": 0.42791411}, {""open"": 0.42829755, ""high"": 0.46740798, ""low"": 0.40605828, ""close"": 0.42829755}, {""open"": 0.42906442, ""high"": 0.47891104, ""low"": 0.42177914, ""close"": 0.46894172}, {""open"": 0.48351227, ""high"": 0.48466258, ""low"": 0.44555215, ""close"": 0.44785276}, {""open"": 0.44631902, ""high"": 0.48888037, ""low"": 0.43328221, ""close"": 0.48542945}, {""open"": 0.48504601, ""high"": 0.53796012, ""low"": 0.43251534, ""close"": 0.52837423}, {""open"": 0.52722393, ""high"": 0.59892638, ""low"": 0.51917178, ""close"": 0.53029141}, {""open"": 0.53105828, ""high"": 0.62269939, ""low"": 0.52645706, ""close"": 0.60352761}, {""open"": 0.60391104, ""high"": 0.6476227, ""low"": 0.57093558, ""close"": 0.6142638}, {""open"": 0.6142638, ""high"": 0.64838957, ""low"": 0.59125767, ""close"": 0.61119632}, {""open"": 0.61004601, ""high"": 0.6303681, ""low"": 0.55789877, ""close"": 0.625}, {""open"": 0.62308282, ""high"": 0.72047546, ""low"": 0.60161043, ""close"": 0.67062883}, {""open"": 0.67062883, ""high"": 0.88305215, ""low"": 0.66679448, ""close"": 0.84202454}, {""open"": 0.8416411, ""high"": 0.92484663, ""low"": 0.75996933, ""close"": 0.85851227}, {""open"": 0.85812883, ""high"": 0.94095092, ""low"": 0.8458589, ""close"": 0.90605828}, {""open"": 0.90567485, ""high"": 0.94516871, ""low"": 0.84969325, ""close"": 0.90375767}, {""open"": 0.90375767, ""high"": 0.96855828, ""low"": 0.87653374, ""close"": 0.95513804}, {""open"": 0.95590491, ""high"": 0.99693252, ""low"": 0.94785276, ""close"": 0.9708589}, {""open"": 0.97009202, ""high"": 1.0, ""low"": 0.87806748, ""close"": 0.91909509}]"
NQ=F,fvg,1777604400,1777996800,54,2026-05-17T14:58:39.959498+00:00,"[{""open"": 0.17241379, ""high"": 0.22434077, ""low"": 0.15902637, ""close"": 0.17565923}, {""open"": 0.14969574, ""high"": 0.16186613, ""low"": 0.13711968, ""close"": 0.14969574}, {""open"": 0.14929006, ""high"": 0.16957404, ""low"": 0.12332657, ""close"": 0.1306288}, {""open"": 0.13225152, ""high"": 0.14969574, ""low"": 0.08965517, ""close"": 0.09776876}, {""open"": 0.09655172, ""high"": 0.14523327, ""low"": 0.05801217, ""close"": 0.07018256}, {""open"": 0.07180527, ""high"": 0.09979716, ""low"": 0.0296146, ""close"": 0.0494929}, {""open"": 0.04827586, ""high"": 0.06450304, ""low"": 0.01501014, ""close"": 0.05436105}, {""open"": 0.05517241, ""high"": 0.07221095, ""low"": 0.0, ""close"": 0.05436105}, {""open"": 0.05517241, ""high"": 0.06288032, ""low"": 0.00162272, ""close"": 0.04543611}, {""open"": 0.04584178, ""high"": 0.14523327, ""low"": 0.01744422, ""close"": 0.06612576}, {""open"": 0.0653144, ""high"": 0.55091278, ""low"": 0.06409736, ""close"": 0.54726166}, {""open"": 0.54726166, ""high"": 0.60527383, ""low"": 0.3484787, ""close"": 0.45192698}, {""open"": 0.45273834, ""high"": 0.6178499, ""low"": 0.37768763, ""close"": 0.57525355}, {""open"": 0.57525355, ""high"": 0.59269777, ""low"": 0.43691684, ""close"": 0.47910751}, {""open"": 0.47829615, ""high"": 0.58539554, ""low"": 0.47423935, ""close"": 0.56389452}, {""open"": 0.56308316, ""high"": 0.57444219, ""low"": 0.41947262, ""close"": 0.463286}, {""open"": 0.46409736, ""high"": 0.59148073, ""low"": 0.45720081, ""close"": 0.48803245}, {""open"": 0.48843813, ""high"": 0.48884381, ""low"": 0.35618661, ""close"": 0.48600406}, {""open"": 0.48600406, ""high"": 0.67667343, ""low"": 0.48600406, ""close"": 0.65314402}, {""open"": 0.65192698, ""high"": 0.6969574, ""low"": 0.63975659, ""close"": 0.64787018}, {""open"": 0.64827586, ""high"": 0.65557809, ""low"": 0.54523327, ""close"": 0.58296146}, {""open"": 0.58458418, ""high"": 0.67342799, ""low"": 0.55983773, ""close"": 0.61014199}, {""open"": 0.60973631, ""high"": 0.61338742, ""low"": 0.53225152, ""close"": 0.57809331}, {""open"": 0.58133874, ""high"": 0.63042596, ""low"": 0.56348884, ""close"": 0.57444219}, {""open"": 0.57565923, ""high"": 0.58539554, ""low"": 0.20446247, ""close"": 0.45030426}, {""open"": 0.45233266, ""high"": 0.50547667, ""low"": 0.39350913, ""close"": 0.47139959}, {""open"": 0.47423935, ""high"": 0.56024341, ""low"": 0.47383367, ""close"": 0.50020284}, {""open"": 0.50141988, ""high"": 0.58823529, ""low"": 0.40770791, ""close"": 0.58296146}, {""open"": 0.58377282, ""high"": 0.65679513, ""low"": 0.49939148, ""close"": 0.56105477}, {""open"": 0.56105477, ""high"": 0.61338742, ""low"": 0.26125761, ""close"": 0.32210953}, {""open"": 0.32129817, ""high"": 0.34320487, ""low"": 0.12454361, ""close"": 0.27586207}, {""open"": 0.27423935, ""high"": 0.43407708, ""low"": 0.27221095, ""close"": 0.41541582}, {""open"": 0.41541582, ""high"": 0.45841785, ""low"": 0.29492901, ""close"": 0.36267748}, {""open"": 0.36146045, ""high"": 0.41825558, ""low"": 0.33022312, ""close"": 0.3959432}, {""open"": 0.39513185, ""high"": 0.39716024, ""low"": 0.32860041, ""close"": 0.33549696}, {""open"": 0.36308316, ""high"": 0.41095335, ""low"": 0.33184584, ""close"": 0.3525355}, {""open"": 0.35010142, ""high"": 0.37079108, ""low"": 0.31724138, ""close"": 0.33955375}, {""open"": 0.34198783, ""high"": 0.41663286, ""low"": 0.33022312, ""close"": 0.40365112}, {""open"": 0.40365112, ""high"": 0.48194726, ""low"": 0.37565923, ""close"": 0.45273834}, {""open"": 0.45314402, ""high"": 0.49452333, ""low"": 0.4296146, ""close"": 0.45314402}, {""open"": 0.45395538, ""high"": 0.50669371, ""low"": 0.44624746, ""close"": 0.49614604}, {""open"": 0.51156187, ""high"": 0.5127789, ""low"": 0.47139959, ""close"": 0.47383367}, {""open"": 0.47221095, ""high"": 0.51724138, ""low"": 0.45841785, ""close"": 0.51359026}, {""open"": 0.51318458, ""high"": 0.56916836, ""low"": 0.45760649, ""close"": 0.55902637}, {""open"": 0.55780933, ""high"": 0.6336714, ""low"": 0.54929006, ""close"": 0.56105477}, {""open"": 0.56186613, ""high"": 0.65882353, ""low"": 0.55699797, ""close"": 0.63853955}, {""open"": 0.63894523, ""high"": 0.6851927, ""low"": 0.6040568, ""close"": 0.64989858}, {""open"": 0.64989858, ""high"": 0.68600406, ""low"": 0.62555781, ""close"": 0.64665314}, {""open"": 0.64543611, ""high"": 0.66693712, ""low"": 0.59026369, ""close"": 0.66125761}, {""open"": 0.65922921, ""high"": 0.76227181, ""low"": 0.63651116, ""close"": 0.70953347}, {""open"": 0.70953347, ""high"": 0.93427992, ""low"": 0.70547667, ""close"": 0.89087221}, {""open"": 0.89046653, ""high"": 0.97849899, ""low"": 0.8040568, ""close"": 0.90831643}, {""open"": 0.90791075, ""high"": 0.99553753, ""low"": 0.89492901, ""close"": 0.95862069}, {""open"": 0.95821501, ""high"": 1.0, ""low"": 0.8989858, ""close"": 0.95618661}]"
NQ=F,fvg,1777629600,1777870800,13,2026-05-17T14:58:50.242788+00:00,"[{""open"": 0.07916182, ""high"": 0.10360885, ""low"": 0.0, ""close"": 0.07799767}, {""open"": 0.07916182, ""high"": 0.09022119, ""low"": 0.00232829, ""close"": 0.06519208}, {""open"": 0.06577416, ""high"": 0.20838184, ""low"": 0.0250291, ""close"": 0.09487776}, {""open"": 0.09371362, ""high"": 0.79045402, ""low"": 0.0919674, ""close"": 0.78521537}, {""open"": 0.78521537, ""high"": 0.86845169, ""low"": 0.5, ""close"": 0.64842841}, {""open"": 0.64959255, ""high"": 0.88649593, ""low"": 0.5419092, ""close"": 0.82537835}, {""open"": 0.82537835, ""high"": 0.85040745, ""low"": 0.62689173, ""close"": 0.68742724}, {""open"": 0.6862631, ""high"": 0.83993015, ""low"": 0.68044237, ""close"": 0.80908033}, {""open"": 0.80791618, ""high"": 0.8242142, ""low"": 0.60186263, ""close"": 0.66472643}, {""open"": 0.66589057, ""high"": 0.84866123, ""low"": 0.65599534, ""close"": 0.70023283}, {""open"": 0.7008149, ""high"": 0.70139697, ""low"": 0.51105937, ""close"": 0.69732247}, {""open"": 0.69732247, ""high"": 0.97089639, ""low"": 0.69732247, ""close"": 0.9371362}, {""open"": 0.93538999, ""high"": 1.0, ""low"": 0.91792782, ""close"": 0.92956927}]"
NQ=F,fvg,1778868000,1778872800,17,2026-05-17T15:08:42.311330+00:00,"[{""open"": 0.0, ""high"": 0.00054331, ""low"": -7.64e-05, ""close"": 0.00044144}, {""open"": 0.00045842, ""high"": 0.00128188, ""low"": 0.00039899, ""close"": 0.00070461}, {""open"": 0.00067065, ""high"": 0.00123943, ""low"": 0.00052633, ""close"": 0.00067065}, {""open"": 0.00066216, ""high"": 0.0007895, ""low"": -0.00207987, ""close"": -0.00179123}, {""open"": -0.00180821, ""high"": -0.0002377, ""low"": -0.00201195, ""close"": -0.00093382}, {""open"": -0.00093382, ""high"": -0.00057727, ""low"": -0.00247886, ""close"": -0.00218174}, {""open"": -0.00215627, ""high"": -0.00202044, ""low"": -0.00451628, ""close"": -0.00368434}, {""open"": -0.00370131, ""high"": -0.00219872, ""low"": -0.00374376, ""close"": -0.00224116}, {""open"": -0.00226663, ""high"": -0.00224116, ""low"": -0.00341268, ""close"": -0.00247886}, {""open"": -0.00247037, ""high"": -0.0023685, ""low"": -0.00326836, ""close"": -0.0026062}, {""open"": -0.00261469, ""high"": -0.00154504, ""low"": -0.00292879, ""close"": -0.00167238}, {""open"": -0.00166389, ""high"": -0.00142619, ""low"": -0.0026826, ""close"": -0.00201195}, {""open"": -0.00202044, ""high"": -0.00172332, ""low"": -0.00332779, ""close"": -0.00319196}, {""open"": -0.00324289, ""high"": -0.00290332, ""low"": -0.00424463, ""close"": -0.00396448}, {""open"": -0.00398995, ""high"": -0.00395599, ""low"": -0.00505959, ""close"": -0.00431254}, {""open"": -0.00432952, ""high"": -0.00429556, ""low"": -0.00556046, ""close"": -0.00500866}, {""open"": -0.00500017, ""high"": -0.00432103, ""low"": -0.00545859, ""close"": -0.0054501}]"
NQ=F,fvg,1778763900,1778770200,22,2026-05-17T16:08:00.636580+00:00,"[{""open"": 0.0, ""high"": 0.009324, ""low"": -0.121217, ""close"": -0.105111}, {""open"": -0.107654, ""high"": -0.062728, ""low"": -0.150038, ""close"": -0.062728}, {""open"": -0.065271, ""high"": -0.028821, ""low"": -0.08392, ""close"": -0.08392}, {""open"": -0.083072, ""high"": 0.01441, ""low"": -0.089853, ""close"": -0.008477}, {""open"": -0.006781, ""high"": 0.001695, ""low"": -0.135628, ""close"": -0.055099}, {""open"": -0.055099, ""high"": 0.201746, ""low"": -0.115284, ""close"": 0.194965}, {""open"": 0.198356, ""high"": 0.363652, ""low"": 0.161906, ""close"": 0.318725}, {""open"": 0.31703, ""high"": 0.461134, ""low"": 0.278037, ""close"": 0.452657}, {""open"": 0.450962, ""high"": 0.638298, ""low"": 0.450114, ""close"": 0.58659}, {""open"": 0.588285, ""high"": 0.651861, ""low"": 0.383148, ""close"": 0.395863}, {""open"": 0.395016, ""high"": 0.448419, ""low"": 0.116131, ""close"": 0.166992}, {""open"": 0.167839, ""high"": 0.421294, ""low"": 0.137323, ""close"": 0.347546}, {""open"": 0.351784, ""high"": 0.383148, ""low"": 0.166144, ""close"": 0.19666}, {""open"": 0.193269, ""high"": 0.345851, ""low"": 0.152581, ""close"": 0.309401}, {""open"": 0.306858, ""high"": 0.500127, ""low"": 0.290752, ""close"": 0.484869}, {""open"": 0.482326, ""high"": 0.589981, ""low"": 0.434856, ""close"": 0.463677}, {""open"": 0.467916, ""high"": 0.48826, ""low"": 0.349241, ""close"": 0.442485}, {""open"": 0.439942, ""high"": 0.478935, ""low"": 0.388234, ""close"": 0.473849}, {""open"": 0.475545, ""high"": 0.633212, ""low"": 0.445028, ""close"": 0.627278}, {""open"": 0.628126, ""high"": 0.658642, ""low"": 0.583199, ""close"": 0.656947}, {""open"": 0.657794, ""high"": 0.730694, ""low"": 0.649318, ""close"": 0.724761}, {""open"": 0.724761, ""high"": 0.805289, ""low"": 0.643384, ""close"": 0.700178}]"
NQ=F,fvg,1778762700,1778772000,32,2026-05-17T16:08:05.717763+00:00,"[{""open"": 0.0, ""high"": 0.031334, ""low"": -0.048272, ""close"": 0.01355}, {""open"": 0.014397, ""high"": 0.017784, ""low"": -0.114327, ""close"": -0.101624}, {""open"": -0.101624, ""high"": -0.049965, ""low"": -0.149049, ""close"": -0.088074}, {""open"": -0.088921, ""high"": -0.066903, ""low"": -0.15159, ""close"": -0.09739}, {""open"": -0.094849, ""high"": -0.085534, ""low"": -0.215952, ""close"": -0.199861}, {""open"": -0.202402, ""high"": -0.157518, ""low"": -0.244745, ""close"": -0.157518}, {""open"": -0.160058, ""high"": -0.123643, ""low"": -0.178689, ""close"": -0.178689}, {""open"": -0.177843, ""high"": -0.080453, ""low"": -0.184617, ""close"": -0.103318}, {""open"": -0.101624, ""high"": -0.093156, ""low"": -0.230348, ""close"": -0.149896}, {""open"": -0.149896, ""high"": 0.106706, ""low"": -0.210024, ""close"": 0.099931}, {""open"": 0.103318, ""high"": 0.268458, ""low"": 0.066903, ""close"": 0.223573}, {""open"": 0.22188, ""high"": 0.365847, ""low"": 0.182924, ""close"": 0.357379}, {""open"": 0.355685, ""high"": 0.542843, ""low"": 0.354838, ""close"": 0.491184}, {""open"": 0.492878, ""high"": 0.556393, ""low"": 0.287936, ""close"": 0.300639}, {""open"": 0.299792, ""high"": 0.353144, ""low"": 0.021172, ""close"": 0.071984}, {""open"": 0.072831, ""high"": 0.326045, ""low"": 0.042343, ""close"": 0.252367}, {""open"": 0.256601, ""high"": 0.287936, ""low"": 0.071137, ""close"": 0.101624}, {""open"": 0.098237, ""high"": 0.250673, ""low"": 0.057587, ""close"": 0.214258}, {""open"": 0.211717, ""high"": 0.404803, ""low"": 0.195627, ""close"": 0.38956}, {""open"": 0.387019, ""high"": 0.494572, ""low"": 0.339595, ""close"": 0.368388}, {""open"": 0.372622, ""high"": 0.392947, ""low"": 0.254061, ""close"": 0.347216}, {""open"": 0.344676, ""high"": 0.383632, ""low"": 0.293017, ""close"": 0.37855}, {""open"": 0.380244, ""high"": 0.537762, ""low"": 0.349757, ""close"": 0.531834}, {""open"": 0.532681, ""high"": 0.563168, ""low"": 0.487797, ""close"": 0.561474}, {""open"": 0.562321, ""high"": 0.635152, ""low"": 0.553852, ""close"": 0.629224}, {""open"": 0.629224, ""high"": 0.709676, ""low"": 0.547924, ""close"": 0.604665}, {""open"": 0.606358, ""high"": 0.634305, ""low"": 0.486103, ""close"": 0.520825}, {""open"": 0.522518, ""high"": 0.631764, ""low"": 0.48949, ""close"": 0.549618}, {""open"": 0.546231, ""high"": 0.673261, ""low"": 0.529293, ""close"": 0.669873}, {""open"": 0.667333, ""high"": 0.72492, ""low"": 0.629224, ""close"": 0.719839}, {""open"": 0.720686, ""high"": 0.806219, ""low"": 0.715604, ""close"": 0.785048}, {""open"": 0.782507, ""high"": 0.837554, ""low"": 0.735929, ""close"": 0.790976}]"
NQ=F,fvg,1778760000,1778778300,62,2026-05-17T16:08:12.172397+00:00,"[{""open"": 0.0, ""high"": 0.057549, ""low"": -0.016926, ""close"": 0.044854}, {""open"": 0.042316, ""high"": 0.077861, ""low"": 0.036391, ""close"": 0.070244}, {""open"": 0.070244, ""high"": 0.085477, ""low"": 0.040623, ""close"": 0.070244}, {""open"": 0.068551, ""high"": 0.106635, ""low"": 0.03216, ""close"": 0.040623}, {""open"": 0.042316, ""high"": 0.114252, ""low"": 0.042316, ""close"": 0.104942}, {""open"": 0.096479, ""high"": 0.118483, ""low"": 0.063473, ""close"": 0.07109}, {""open"": 0.077014, ""high"": 0.083785, ""low"": -0.004232, ""close"": 0.023697}, {""open"": 0.024543, ""high"": 0.046547, ""low"": -0.060934, ""close"": -0.013541}, {""open"": -0.01608, ""high"": 0.011848, ""low"": -0.065166, ""close"": -0.06432}, {""open"": -0.066012, ""high"": -0.034699, ""low"": -0.114252, ""close"": -0.052471}, {""open"": -0.051625, ""high"": -0.04824, ""low"": -0.180264, ""close"": -0.167569}, {""open"": -0.167569, ""high"": -0.115944, ""low"": -0.214963, ""close"": -0.154028}, {""open"": -0.154875, ""high"": -0.132871, ""low"": -0.217502, ""close"": -0.163338}, {""open"": -0.160799, ""high"": -0.15149, ""low"": -0.281821, ""close"": -0.265741}, {""open"": -0.26828, ""high"": -0.223426, ""low"": -0.310596, ""close"": -0.223426}, {""open"": -0.225965, ""high"": -0.189573, ""low"": -0.244584, ""close"": -0.244584}, {""open"": -0.243737, ""high"": -0.146412, ""low"": -0.250508, ""close"": -0.169262}, {""open"": -0.167569, ""high"": -0.159106, ""low"": -0.296209, ""close"": -0.215809}, {""open"": -0.215809, ""high"": 0.040623, ""low"": -0.275897, ""close"": 0.033852}, {""open"": 0.037238, ""high"": 0.202268, ""low"": 0.000846, ""close"": 0.157414}, {""open"": 0.155721, ""high"": 0.299594, ""low"": 0.116791, ""close"": 0.291131}, {""open"": 0.289438, ""high"": 0.476473, ""low"": 0.288592, ""close"": 0.424848}, {""open"": 0.42654, ""high"": 0.490014, ""low"": 0.221733, ""close"": 0.234428}, {""open"": 0.233582, ""high"": 0.286899, ""low"": -0.044854, ""close"": 0.005924}, {""open"": 0.00677, ""high"": 0.259817, ""low"": -0.023697, ""close"": 0.186188}, {""open"": 0.19042, ""high"": 0.221733, ""low"": 0.005078, ""close"": 0.035545}, {""open"": 0.03216, ""high"": 0.184496, ""low"": -0.008463, ""close"": 0.148104}, {""open"": 0.145565, ""high"": 0.338524, ""low"": 0.129485, ""close"": 0.32329}, {""open"": 0.320752, ""high"": 0.428233, ""low"": 0.273358, ""close"": 0.302133}, {""open"": 0.306364, ""high"": 0.326676, ""low"": 0.187881, ""close"": 0.280975}, {""open"": 0.278436, ""high"": 0.317366, ""low"": 0.226811, ""close"": 0.312288}, {""open"": 0.313981, ""high"": 0.471395, ""low"": 0.283514, ""close"": 0.465471}, {""open"": 0.466317, ""high"": 0.496784, ""low"": 0.421462, ""close"": 0.495091}, {""open"": 0.495938, ""high"": 0.56872, ""low"": 0.487475, ""close"": 0.562796}, {""open"": 0.562796, ""high"": 0.643196, ""low"": 0.48155, ""close"": 0.538253}, {""open"": 0.539946, ""high"": 0.567874, ""low"": 0.41977, ""close"": 0.454469}, {""open"": 0.456161, ""high"": 0.565335, ""low"": 0.423155, ""close"": 0.483243}, {""open"": 0.479858, ""high"": 0.606804, ""low"": 0.462932, ""close"": 0.603419}, {""open"": 0.60088, ""high"": 0.658429, ""low"": 0.562796, ""close"": 0.653351}, {""open"": 0.654198, ""high"": 0.739675, ""low"": 0.64912, ""close"": 0.718517}, {""open"": 0.715978, ""high"": 0.770988, ""low"": 0.669431, ""close"": 0.724441}, {""open"": 0.726134, ""high"": 0.7913, ""low"": 0.717671, ""close"": 0.733751}, {""open"": 0.733751, ""high"": 0.778605, ""low"": 0.666046, ""close"": 0.693128}, {""open"": 0.692282, ""high"": 0.727827, ""low"": 0.635579, ""close"": 0.682972}, {""open"": 0.684665, ""high"": 0.730366, ""low"": 0.641503, ""close"": 0.717671}, {""open"": 0.718517, ""high"": 0.72698, ""low"": 0.653351, ""close"": 0.696513}, {""open"": 0.69736, ""high"": 0.73629, ""low"": 0.679587, ""close"": 0.72698}, {""open"": 0.724441, ""high"": 0.777759, ""low"": 0.721903, ""close"": 0.728673}, {""open"": 0.731212, ""high"": 0.787915, ""low"": 0.72021, ""close"": 0.784529}, {""open"": 0.783683, ""high"": 0.809919, ""low"": 0.748138, ""close"": 0.764218}, {""open"": 0.764218, ""high"": 0.819228, ""low"": 0.719364, ""close"": 0.731212}, {""open"": 0.730366, ""high"": 0.805687, ""low"": 0.702437, ""close"": 0.719364}, {""open"": 0.717671, ""high"": 0.819228, ""low"": 0.713439, ""close"": 0.737982}, {""open"": 0.737136, ""high"": 0.760833, ""low"": 0.590724, ""close"": 0.633886}, {""open"": 0.634733, ""high"": 0.68805, ""low"": 0.532329, ""close"": 0.560257}, {""open"": 0.559411, ""high"": 0.632194, ""low"": 0.559411, ""close"": 0.618653}, {""open"": 0.617806, ""high"": 0.683819, ""low"": 0.589032, ""close"": 0.605958}, {""open"": 0.602573, ""high"": 0.673663, ""low"": 0.515403, ""close"": 0.64912}, {""open"": 0.64912, ""high"": 0.65589, ""low"": 0.557718, ""close"": 0.649966}, {""open"": 0.651659, ""high"": 0.660968, ""low"": 0.528097, ""close"": 0.636425}, {""open"": 0.637271, ""high"": 0.726134, ""low"": 0.636425, ""close"": 0.689743}, {""open"": 0.690589, ""high"": 0.692282, ""low"": 0.495938, ""close"": 0.501016}]"
NQ=F,fvg,1778763000,1778774700,40,2026-05-17T16:08:17.894018+00:00,"[{""open"": 0.0, ""high"": 0.003387, ""low"": -0.128706, ""close"": -0.116004}, {""open"": -0.116004, ""high"": -0.064353, ""low"": -0.163422, ""close"": -0.102456}, {""open"": -0.103303, ""high"": -0.081288, ""low"": -0.165962, ""close"": -0.111771}, {""open"": -0.10923, ""high"": -0.099916, ""low"": -0.230315, ""close"": -0.214227}, {""open"": -0.216767, ""high"": -0.17189, ""low"": -0.259105, ""close"": -0.17189}, {""open"": -0.17443, ""high"": -0.13802, ""low"": -0.193058, ""close"": -0.193058}, {""open"": -0.192212, ""high"": -0.094836, ""low"": -0.198986, ""close"": -0.117698}, {""open"": -0.116004, ""high"": -0.107537, ""low"": -0.24471, ""close"": -0.164269}, {""open"": -0.164269, ""high"": 0.092295, ""low"": -0.224388, ""close"": 0.085521}, {""open"": 0.088908, ""high"": 0.254024, ""low"": 0.052498, ""close"": 0.209147}, {""open"": 0.207453, ""high"": 0.3514, ""low"": 0.168503, ""close"": 0.342933}, {""open"": 0.341239, ""high"": 0.52837, ""low"": 0.340392, ""close"": 0.476719}, {""open"": 0.478412, ""high"": 0.541918, ""low"": 0.273499, ""close"": 0.286201}, {""open"": 0.285354, ""high"": 0.338699, ""low"": 0.006774, ""close"": 0.057579}, {""open"": 0.058426, ""high"": 0.311603, ""low"": 0.027943, ""close"": 0.237936}, {""open"": 0.24217, ""high"": 0.273499, ""low"": 0.056732, ""close"": 0.087215}, {""open"": 0.083828, ""high"": 0.236242, ""low"": 0.043184, ""close"": 0.199832}, {""open"": 0.197292, ""high"": 0.39035, ""low"": 0.181204, ""close"": 0.375109}, {""open"": 0.372569, ""high"": 0.480106, ""low"": 0.325151, ""close"": 0.35394}, {""open"": 0.358174, ""high"": 0.378496, ""low"": 0.239629, ""close"": 0.332772}, {""open"": 0.330231, ""high"": 0.369182, ""low"": 0.27858, ""close"": 0.364101}, {""open"": 0.365795, ""high"": 0.52329, ""low"": 0.335312, ""close"": 0.517363}, {""open"": 0.518209, ""high"": 0.548692, ""low"": 0.473332, ""close"": 0.546999}, {""open"": 0.547845, ""high"": 0.620666, ""low"": 0.539378, ""close"": 0.614738}, {""open"": 0.614738, ""high"": 0.695179, ""low"": 0.533451, ""close"": 0.590183}, {""open"": 0.591876, ""high"": 0.619819, ""low"": 0.471638, ""close"": 0.506355}, {""open"": 0.508048, ""high"": 0.617279, ""low"": 0.475025, ""close"": 0.535144}, {""open"": 0.531757, ""high"": 0.658769, ""low"": 0.514822, ""close"": 0.655382}, {""open"": 0.652842, ""high"": 0.710421, ""low"": 0.614738, ""close"": 0.70534}, {""open"": 0.706187, ""high"": 0.791709, ""low"": 0.701107, ""close"": 0.77054}, {""open"": 0.768, ""high"": 0.823038, ""low"": 0.721429, ""close"": 0.776467}, {""open"": 0.778161, ""high"": 0.84336, ""low"": 0.769693, ""close"": 0.785781}, {""open"": 0.785781, ""high"": 0.830659, ""low"": 0.718042, ""close"": 0.745138}, {""open"": 0.744291, ""high"": 0.779854, ""low"": 0.687559, ""close"": 0.734977}, {""open"": 0.73667, ""high"": 0.782394, ""low"": 0.693486, ""close"": 0.769693}, {""open"": 0.77054, ""high"": 0.779007, ""low"": 0.70534, ""close"": 0.748525}, {""open"": 0.749371, ""high"": 0.788322, ""low"": 0.73159, ""close"": 0.779007}, {""open"": 0.776467, ""high"": 0.829812, ""low"": 0.773927, ""close"": 0.780701}, {""open"": 0.783241, ""high"": 0.839973, ""low"": 0.772233, ""close"": 0.836586}, {""open"": 0.83574, ""high"": 0.861989, ""low"": 0.800176, ""close"": 0.816264}]"
NQ=F,fvg,1778053500,1778065500,41,2026-05-17T16:08:52.442976+00:00,"[{""open"": 0.0, ""high"": 0.041463, ""low"": -0.014997, ""close"": 0.04058}, {""open"": 0.035287, ""high"": 0.039698, ""low"": -0.012351, ""close"": -0.005293}, {""open"": 0.000882, ""high"": 0.033523, ""low"": -0.015879, ""close"": 0.031759}, {""open"": 0.032641, ""high"": 0.062635, ""low"": 0.011468, ""close"": 0.026466}, {""open"": 0.029994, ""high"": 0.090865, ""low"": 0.012351, ""close"": 0.044991}, {""open"": 0.045874, ""high"": 0.090865, ""low"": 0.013233, ""close"": 0.035287}, {""open"": 0.030876, ""high"": 0.039698, ""low"": -0.010586, ""close"": -0.010586}, {""open"": -0.013233, ""high"": -0.005293, ""low"": -0.052931, ""close"": -0.012351}, {""open"": -0.006175, ""high"": 0.013233, ""low"": -0.035287, ""close"": 0.003529}, {""open"": 0.001764, ""high"": 0.065282, ""low"": -0.014115, ""close"": 0.045874}, {""open"": 0.04852, ""high"": 0.089983, ""low"": 0.046756, ""close"": 0.072339}, {""open"": 0.074986, ""high"": 0.092629, ""low"": 0.067046, ""close"": 0.082043}, {""open"": 0.082043, ""high"": 0.124388, ""low"": 0.077632, ""close"": 0.095276}, {""open"": 0.094394, ""high"": 0.479908, ""low"": 0.091747, ""close"": 0.431388}, {""open"": 0.43227, ""high"": 0.631644, ""low"": 0.420802, ""close"": 0.508138}, {""open"": 0.507256, ""high"": 0.563716, ""low"": 0.311411, ""close"": 0.331701}, {""open"": 0.325526, ""high"": 0.341405, ""low"": 0.269066, ""close"": 0.280535}, {""open"": 0.280535, ""high"": 0.410216, ""low"": 0.273477, ""close"": 0.387279}, {""open"": 0.389043, ""high"": 0.471086, ""low"": 0.381986, ""close"": 0.44815}, {""open"": 0.450796, ""high"": 0.474615, ""low"": 0.392572, ""close"": 0.428742}, {""open"": 0.428742, ""high"": 0.466675, ""low"": 0.405805, ""close"": 0.449914}, {""open"": 0.447267, ""high"": 0.57342, ""low"": 0.41992, ""close"": 0.546954}, {""open"": 0.554012, ""high"": 0.576949, ""low"": 0.520489, ""close"": 0.569891}, {""open"": 0.572538, ""high"": 0.600768, ""low"": 0.554894, ""close"": 0.558423}, {""open"": 0.559305, ""high"": 0.560187, ""low"": 0.501963, ""close"": 0.542543}, {""open"": 0.539015, ""high"": 0.599885, ""low"": 0.505492, ""close"": 0.589299}, {""open"": 0.590181, ""high"": 0.619293, ""low"": 0.578713, ""close"": 0.591063}, {""open"": 0.596357, ""high"": 0.703983, ""low"": 0.574302, ""close"": 0.645759}, {""open"": 0.641348, ""high"": 0.658109, ""low"": 0.575184, ""close"": 0.611354}, {""open"": 0.614882, ""high"": 0.648405, ""low"": 0.591946, ""close"": 0.614}, {""open"": 0.610472, ""high"": 0.729566, ""low"": 0.598121, ""close"": 0.724273}, {""open"": 0.722509, ""high"": 0.745446, ""low"": 0.69869, ""close"": 0.708394}, {""open"": 0.708394, ""high"": 0.771029, ""low"": 0.694279, ""close"": 0.758678}, {""open"": 0.756914, ""high"": 0.822196, ""low"": 0.749857, ""close"": 0.793084}, {""open"": 0.794848, ""high"": 0.822196, ""low"": 0.779851, ""close"": 0.807199}, {""open"": 0.806316, ""high"": 0.889242, ""low"": 0.80367, ""close"": 0.864541}, {""open"": 0.861894, ""high"": 0.921883, ""low"": 0.782497, ""close"": 0.831018}, {""open"": 0.825724, ""high"": 0.973049, ""low"": 0.802788, ""close"": 0.921883}, {""open"": 0.920118, ""high"": 0.94923, ""low"": 0.856601, ""close"": 0.868952}, {""open"": 0.865423, ""high"": 0.986282, ""low"": 0.843368, ""close"": 0.956288}, {""open"": 0.960699, ""high"": 1.029509, ""low"": 0.958052, ""close"": 0.996868}]"
NQ=F,fvg,1778055000,1778063100,28,2026-05-17T16:08:57.013636+00:00,"[{""open"": 0.0, ""high"": 0.044971, ""low"": -0.032626, ""close"": -0.010581}, {""open"": -0.01499, ""high"": -0.006172, ""low"": -0.056434, ""close"": -0.056434}, {""open"": -0.059079, ""high"": -0.051143, ""low"": -0.098759, ""close"": -0.058197}, {""open"": -0.052025, ""high"": -0.032626, ""low"": -0.081124, ""close"": -0.042325}, {""open"": -0.044089, ""high"": 0.019399, ""low"": -0.059961, ""close"": 0.0}, {""open"": 0.002645, ""high"": 0.044089, ""low"": 0.000882, ""close"": 0.026453}, {""open"": 0.029099, ""high"": 0.046734, ""low"": 0.021163, ""close"": 0.036153}, {""open"": 0.036153, ""high"": 0.078478, ""low"": 0.031744, ""close"": 0.04938}, {""open"": 0.048498, ""high"": 0.433836, ""low"": 0.045853, ""close"": 0.385338}, {""open"": 0.38622, ""high"": 0.585502, ""low"": 0.374756, ""close"": 0.462053}, {""open"": 0.461171, ""high"": 0.517605, ""low"": 0.265416, ""close"": 0.285697}, {""open"": 0.279524, ""high"": 0.295396, ""low"": 0.22309, ""close"": 0.234553}, {""open"": 0.234553, ""high"": 0.364175, ""low"": 0.227499, ""close"": 0.341249}, {""open"": 0.343012, ""high"": 0.425018, ""low"": 0.335958, ""close"": 0.402092}, {""open"": 0.404737, ""high"": 0.428545, ""low"": 0.346539, ""close"": 0.382692}, {""open"": 0.382692, ""high"": 0.420609, ""low"": 0.359766, ""close"": 0.403855}, {""open"": 0.40121, ""high"": 0.527304, ""low"": 0.373875, ""close"": 0.500851}, {""open"": 0.507905, ""high"": 0.530831, ""low"": 0.474398, ""close"": 0.523777}, {""open"": 0.526423, ""high"": 0.554639, ""low"": 0.508787, ""close"": 0.512314}, {""open"": 0.513196, ""high"": 0.514078, ""low"": 0.45588, ""close"": 0.496442}, {""open"": 0.492915, ""high"": 0.553758, ""low"": 0.459407, ""close"": 0.543176}, {""open"": 0.544058, ""high"": 0.573157, ""low"": 0.532595, ""close"": 0.54494}, {""open"": 0.550231, ""high"": 0.657808, ""low"": 0.528186, ""close"": 0.59961}, {""open"": 0.595201, ""high"": 0.611955, ""low"": 0.529068, ""close"": 0.565221}, {""open"": 0.568748, ""high"": 0.602256, ""low"": 0.545822, ""close"": 0.567866}, {""open"": 0.564339, ""high"": 0.683379, ""low"": 0.551994, ""close"": 0.678089}, {""open"": 0.676325, ""high"": 0.699251, ""low"": 0.652517, ""close"": 0.662217}, {""open"": 0.662217, ""high"": 0.724823, ""low"": 0.648108, ""close"": 0.712478}]"
NQ=F,fvg,1778056200,1778065800,33,2026-05-17T16:09:02.791512+00:00,"[{""open"": 0.0, ""high"": 0.063516, ""low"": -0.015879, ""close"": 0.044108}, {""open"": 0.046755, ""high"": 0.088217, ""low"": 0.044991, ""close"": 0.070573}, {""open"": 0.07322, ""high"": 0.090863, ""low"": 0.06528, ""close"": 0.080277}, {""open"": 0.080277, ""high"": 0.122621, ""low"": 0.075867, ""close"": 0.09351}, {""open"": 0.092628, ""high"": 0.478135, ""low"": 0.089981, ""close"": 0.429616}, {""open"": 0.430498, ""high"": 0.629868, ""low"": 0.41903, ""close"": 0.506365}, {""open"": 0.505483, ""high"": 0.561941, ""low"": 0.309641, ""close"": 0.329931}, {""open"": 0.323756, ""high"": 0.339635, ""low"": 0.267297, ""close"": 0.278765}, {""open"": 0.278765, ""high"": 0.408444, ""low"": 0.271708, ""close"": 0.385508}, {""open"": 0.387272, ""high"": 0.469314, ""low"": 0.380215, ""close"": 0.446377}, {""open"": 0.449024, ""high"": 0.472842, ""low"": 0.390801, ""close"": 0.42697}, {""open"": 0.42697, ""high"": 0.464903, ""low"": 0.404033, ""close"": 0.448142}, {""open"": 0.445495, ""high"": 0.571645, ""low"": 0.418148, ""close"": 0.54518}, {""open"": 0.552238, ""high"": 0.575174, ""low"": 0.518715, ""close"": 0.568117}, {""open"": 0.570763, ""high"": 0.598993, ""low"": 0.55312, ""close"": 0.556648}, {""open"": 0.557531, ""high"": 0.558413, ""low"": 0.50019, ""close"": 0.540769}, {""open"": 0.537241, ""high"": 0.59811, ""low"": 0.503718, ""close"": 0.587524}, {""open"": 0.588407, ""high"": 0.617518, ""low"": 0.576938, ""close"": 0.589289}, {""open"": 0.594582, ""high"": 0.702206, ""low"": 0.572528, ""close"": 0.643983}, {""open"": 0.639572, ""high"": 0.656334, ""low"": 0.57341, ""close"": 0.609579}, {""open"": 0.613107, ""high"": 0.64663, ""low"": 0.590171, ""close"": 0.612225}, {""open"": 0.608696, ""high"": 0.727789, ""low"": 0.596346, ""close"": 0.722496}, {""open"": 0.720732, ""high"": 0.743668, ""low"": 0.696913, ""close"": 0.706617}, {""open"": 0.706617, ""high"": 0.769251, ""low"": 0.692502, ""close"": 0.756901}, {""open"": 0.755136, ""high"": 0.820417, ""low"": 0.748079, ""close"": 0.791305}, {""open"": 0.79307, ""high"": 0.820417, ""low"": 0.778073, ""close"": 0.80542}, {""open"": 0.804538, ""high"": 0.887462, ""low"": 0.801891, ""close"": 0.862761}, {""open"": 0.860115, ""high"": 0.920102, ""low"": 0.780719, ""close"": 0.829239}, {""open"": 0.823946, ""high"": 0.971268, ""low"": 0.801009, ""close"": 0.920102}, {""open"": 0.918338, ""high"": 0.947449, ""low"": 0.854821, ""close"": 0.867172}, {""open"": 0.863643, ""high"": 0.9845, ""low"": 0.841589, ""close"": 0.954507}, {""open"": 0.958917, ""high"": 1.027727, ""low"": 0.956271, ""close"": 0.995086}, {""open"": 0.994204, ""high"": 1.040959, ""low"": 0.929806, ""close"": 0.99244}]"
NQ=F,fvg,1778051400,1778066100,50,2026-05-17T16:09:06.583414+00:00,"[{""open"": 0.0, ""high"": 0.001764, ""low"": -0.104079, ""close"": -0.088203}, {""open"": -0.089967, ""high"": -0.070562, ""low"": -0.113782, ""close"": -0.089967}, {""open"": -0.091731, ""high"": -0.034399, ""low"": -0.12613, ""close"": -0.039691}, {""open"": -0.043219, ""high"": -0.037045, ""low"": -0.083793, ""close"": -0.054686}, {""open"": -0.051158, ""high"": -0.029989, ""low"": -0.097023, ""close"": -0.035281}, {""open"": -0.033517, ""high"": -0.014994, ""low"": -0.046748, ""close"": -0.031753}, {""open"": -0.036163, ""high"": -0.015877, ""low"": -0.04763, ""close"": -0.017641}, {""open"": -0.017641, ""high"": 0.023815, ""low"": -0.032635, ""close"": 0.022933}, {""open"": 0.017641, ""high"": 0.022051, ""low"": -0.029989, ""close"": -0.022933}, {""open"": -0.016759, ""high"": 0.015877, ""low"": -0.033517, ""close"": 0.014112}, {""open"": 0.014994, ""high"": 0.044983, ""low"": -0.006174, ""close"": 0.00882}, {""open"": 0.012348, ""high"": 0.073208, ""low"": -0.005292, ""close"": 0.027343}, {""open"": 0.028225, ""high"": 0.073208, ""low"": -0.00441, ""close"": 0.017641}, {""open"": 0.01323, ""high"": 0.022051, ""low"": -0.028225, ""close"": -0.028225}, {""open"": -0.030871, ""high"": -0.022933, ""low"": -0.070562, ""close"": -0.029989}, {""open"": -0.023815, ""high"": -0.00441, ""low"": -0.052922, ""close"": -0.014112}, {""open"": -0.015877, ""high"": 0.04763, ""low"": -0.031753, ""close"": 0.028225}, {""open"": 0.030871, ""high"": 0.072326, ""low"": 0.029107, ""close"": 0.054686}, {""open"": 0.057332, ""high"": 0.074972, ""low"": 0.049394, ""close"": 0.064388}, {""open"": 0.064388, ""high"": 0.106725, ""low"": 0.059978, ""close"": 0.077619}, {""open"": 0.076736, ""high"": 0.462183, ""low"": 0.07409, ""close"": 0.413671}, {""open"": 0.414553, ""high"": 0.613892, ""low"": 0.403087, ""close"": 0.490408}, {""open"": 0.489526, ""high"": 0.545976, ""low"": 0.293716, ""close"": 0.314002}, {""open"": 0.307828, ""high"": 0.323705, ""low"": 0.251378, ""close"": 0.262845}, {""open"": 0.262845, ""high"": 0.392503, ""low"": 0.255788, ""close"": 0.36957}, {""open"": 0.371334, ""high"": 0.453363, ""low"": 0.364278, ""close"": 0.43043}, {""open"": 0.433076, ""high"": 0.456891, ""low"": 0.374862, ""close"": 0.411025}, {""open"": 0.411025, ""high"": 0.448953, ""low"": 0.388093, ""close"": 0.432194}, {""open"": 0.429548, ""high"": 0.555678, ""low"": 0.402205, ""close"": 0.529217}, {""open"": 0.536273, ""high"": 0.559206, ""low"": 0.502756, ""close"": 0.55215}, {""open"": 0.554796, ""high"": 0.583021, ""low"": 0.537155, ""close"": 0.540684}, {""open"": 0.541566, ""high"": 0.542448, ""low"": 0.484234, ""close"": 0.524807}, {""open"": 0.521279, ""high"": 0.582139, ""low"": 0.487762, ""close"": 0.571555}, {""open"": 0.572437, ""high"": 0.601544, ""low"": 0.56097, ""close"": 0.573319}, {""open"": 0.578611, ""high"": 0.686218, ""low"": 0.55656, ""close"": 0.628004}, {""open"": 0.623594, ""high"": 0.640353, ""low"": 0.557442, ""close"": 0.593605}, {""open"": 0.597133, ""high"": 0.63065, ""low"": 0.574201, ""close"": 0.596251}, {""open"": 0.592723, ""high"": 0.711797, ""low"": 0.580375, ""close"": 0.706505}, {""open"": 0.704741, ""high"": 0.727674, ""low"": 0.680926, ""close"": 0.690628}, {""open"": 0.690628, ""high"": 0.753252, ""low"": 0.676516, ""close"": 0.740904}, {""open"": 0.73914, ""high"": 0.80441, ""low"": 0.732084, ""close"": 0.775303}, {""open"": 0.777067, ""high"": 0.80441, ""low"": 0.762073, ""close"": 0.789416}, {""open"": 0.788534, ""high"": 0.871444, ""low"": 0.785888, ""close"": 0.846748}, {""open"": 0.844101, ""high"": 0.904079, ""low"": 0.764719, ""close"": 0.81323}, {""open"": 0.807938, ""high"": 0.955237, ""low"": 0.785006, ""close"": 0.904079}, {""open"": 0.902315, ""high"": 0.931422, ""low"": 0.838809, ""close"": 0.851158}, {""open"": 0.84763, ""high"": 0.968467, ""low"": 0.825579, ""close"": 0.938479}, {""open"": 0.942889, ""high"": 1.011687, ""low"": 0.940243, ""close"": 0.979052}, {""open"": 0.97817, ""high"": 1.024917, ""low"": 0.913782, ""close"": 0.976406}, {""open"": 0.977288, ""high"": 1.013451, ""low"": 0.962293, ""close"": 0.965821}]"
NQ=F,fvg,1773672900,1773687900,51,2026-05-17T16:11:14.221077+00:00,"[{""open"": 0.0, ""high"": 0.091193, ""low"": -0.051676, ""close"": 0.0841}, {""open"": 0.086127, ""high"": 0.105378, ""low"": -0.052689, ""close"": -0.029384}, {""open"": -0.028371, ""high"": 0.039517, ""low"": -0.103352, ""close"": 0.036477}, {""open"": 0.036477, ""high"": 0.141855, ""low"": -0.068901, ""close"": 0.116524}, {""open"": 0.114498, ""high"": 0.150975, ""low"": 0.030398, ""close"": 0.148948}, {""open"": 0.150975, ""high"": 0.257366, ""low"": 0.117537, ""close"": 0.230009}, {""open"": 0.232035, ""high"": 0.248247, ""low"": 0.122604, ""close"": 0.175293}, {""open"": 0.173266, ""high"": 1.138897, ""low"": 0.169213, ""close"": 1.104446}, {""open"": 1.108499, ""high"": 1.135857, ""low"": 1.057837, ""close"": 1.076075}, {""open"": 1.074049, ""high"": 1.103433, ""low"": 1.033518, ""close"": 1.057837}, {""open"": 1.05581, ""high"": 1.122685, ""low"": 1.050744, ""close"": 1.100393}, {""open"": 1.100393, ""high"": 1.103433, ""low"": 0.956511, ""close"": 1.008187}, {""open"": 1.008187, ""high"": 1.039598, ""low"": 0.855186, ""close"": 0.880517}, {""open"": 0.876464, ""high"": 0.947392, ""low"": 0.835934, ""close"": 0.839987}, {""open"": 0.841, ""high"": 0.991975, ""low"": 0.833908, ""close"": 0.901795}, {""open"": 0.904835, ""high"": 0.967657, ""low"": 0.851133, ""close"": 0.899769}, {""open"": 0.898756, ""high"": 0.944352, ""low"": 0.828841, ""close"": 0.864305}, {""open"": 0.866332, ""high"": 0.871398, ""low"": 0.689012, ""close"": 0.696105}, {""open"": 0.694079, ""high"": 0.771086, ""low"": 0.653548, ""close"": 0.704211}, {""open"": 0.704211, ""high"": 0.776152, ""low"": 0.645442, ""close"": 0.703198}, {""open"": 0.702185, ""high"": 0.830868, ""low"": 0.702185, ""close"": 0.824788}, {""open"": 0.823775, ""high"": 0.939286, ""low"": 0.780205, ""close"": 0.903822}, {""open"": 0.905848, ""high"": 0.942326, ""low"": 0.836947, ""close"": 0.889636}, {""open"": 0.886597, ""high"": 0.97475, ""low"": 0.867345, ""close"": 0.905848}, {""open"": 0.906862, ""high"": 0.941312, ""low"": 0.858226, ""close"": 0.879504}, {""open"": 0.885583, ""high"": 1.068982, ""low"": 0.88153, ""close"": 0.930167}, {""open"": 0.93422, ""high"": 1.01832, ""low"": 0.910915, ""close"": 0.961577}, {""open"": 0.962591, ""high"": 1.057837, ""low"": 0.961577, ""close"": 1.01528}, {""open"": 1.017306, ""high"": 1.033518, ""low"": 0.948405, ""close"": 1.019333}, {""open"": 1.020346, ""high"": 1.080128, ""low"": 1.016293, ""close"": 1.045677}, {""open"": 1.046691, ""high"": 1.074049, ""low"": 0.954485, ""close"": 0.970697}, {""open"": 0.969683, ""high"": 1.037571, ""low"": 0.93118, ""close"": 0.96563}, {""open"": 0.960564, ""high"": 0.992988, ""low"": 0.914968, ""close"": 0.926114}, {""open"": 0.921047, ""high"": 0.955498, ""low"": 0.865318, ""close"": 0.874438}, {""open"": 0.879504, ""high"": 0.966644, ""low"": 0.819722, ""close"": 0.855186}, {""open"": 0.853159, ""high"": 0.926114, ""low"": 0.786285, ""close"": 0.877477}, {""open"": 0.879504, ""high"": 0.946379, ""low"": 0.854173, ""close"": 0.907875}, {""open"": 0.906862, ""high"": 0.976776, ""low"": 0.886597, ""close"": 0.972723}, {""open"": 0.97475, ""high"": 1.068982, ""low"": 0.954485, ""close"": 1.023386}, {""open"": 1.024399, ""high"": 1.051757, ""low"": 0.966644, ""close"": 1.006161}, {""open"": 1.0092, ""high"": 1.077088, ""low"": 0.998055, ""close"": 1.044664}, {""open"": 1.041624, ""high"": 1.072022, ""low"": 1.013253, ""close"": 1.05885}, {""open"": 1.056823, ""high"": 1.092287, ""low"": 1.019333, ""close"": 1.060876}, {""open"": 1.056823, ""high"": 1.080128, ""low"": 0.999068, ""close"": 1.034532}, {""open"": 1.034532, ""high"": 1.084181, ""low"": 1.011227, ""close"": 1.072022}, {""open"": 1.071009, ""high"": 1.112552, ""low"": 1.04973, ""close"": 1.106473}, {""open"": 1.107486, ""high"": 1.121671, ""low"": 1.084181, ""close"": 1.088234}, {""open"": 1.086208, ""high"": 1.088234, ""low"": 1.028452, ""close"": 1.033518}, {""open"": 1.033518, ""high"": 1.038585, ""low"": 0.988935, ""close"": 0.997041}, {""open"": 1.000081, ""high"": 1.053783, ""low"": 0.958538, ""close"": 0.988935}, {""open"": 0.986909, ""high"": 1.343574, ""low"": 0.936246, ""close"": 1.332428}]"
NQ=F,fvg,1778853840,1778854680,15,2026-05-17T16:47:51.239964+00:00,"[{""open"": 0.0, ""high"": 0.072002, ""low"": -0.078002, ""close"": -0.004286}, {""open"": -0.004286, ""high"": 0.085717, ""low"": -0.066002, ""close"": 0.018858}, {""open"": 0.019715, ""high"": 0.076288, ""low"": -0.009429, ""close"": 0.004286}, {""open"": -0.001714, ""high"": 0.061716, ""low"": -0.003429, ""close"": 0.041144}, {""open"": 0.043716, ""high"": 0.210864, ""low"": 0.043716, ""close"": 0.196292}, {""open"": 0.197149, ""high"": 0.238293, ""low"": 0.144005, ""close"": 0.161148}, {""open"": 0.159434, ""high"": 0.282009, ""low"": 0.150862, ""close"": 0.279437}, {""open"": 0.280295, ""high"": 0.293152, ""low"": 0.094289, ""close"": 0.220293}, {""open"": 0.220293, ""high"": 0.358297, ""low"": 0.220293, ""close"": 0.340296}, {""open"": 0.343725, ""high"": 0.468872, ""low"": 0.343725, ""close"": 0.396012}, {""open"": 0.398584, ""high"": 0.476586, ""low"": 0.381441, ""close"": 0.463729}, {""open"": 0.462872, ""high"": 0.541731, ""low"": 0.372012, ""close"": 0.517731}, {""open"": 0.521159, ""high"": 0.563161, ""low"": 0.475729, ""close"": 0.522016}, {""open"": 0.522874, ""high"": 0.572589, ""low"": 0.508302, ""close"": 0.53316}, {""open"": 0.535731, ""high"": 0.663449, ""low"": 0.528874, ""close"": 0.647163}]"
NQ=F,fvg,1778857620,1778858520,16,2026-05-17T16:48:02.866877+00:00,"[{""open"": 0.0, ""high"": 0.018801, ""low"": -0.047856, ""close"": -0.018801}, {""open"": -0.018801, ""high"": 0.082039, ""low"": -0.030764, ""close"": 0.052129}, {""open"": 0.053838, ""high"": 0.224752, ""low"": 0.026492, ""close"": 0.223043}, {""open"": 0.220479, ""high"": 0.242698, ""low"": 0.195696, ""close"": 0.219624}, {""open"": 0.21877, ""high"": 0.231588, ""low"": 0.088875, ""close"": 0.145277}, {""open"": 0.150404, ""high"": 0.156386, ""low"": 0.077766, ""close"": 0.118785}, {""open"": 0.116221, ""high"": 0.182023, ""low"": 0.113658, ""close"": 0.159804}, {""open"": 0.162368, ""high"": 0.164077, ""low"": 0.035892, ""close"": 0.106821}, {""open"": 0.103403, ""high"": 0.136731, ""low"": 0.06922, ""close"": 0.084602}, {""open"": 0.088875, ""high"": 0.171768, ""low"": 0.087166, ""close"": 0.137586}, {""open"": 0.144422, ""high"": 0.224752, ""low"": 0.105112, ""close"": 0.205097}, {""open"": 0.205097, ""high"": 0.227315, ""low"": 0.17775, ""close"": 0.199969}, {""open"": 0.202533, ""high"": 0.229025, ""low"": 0.175187, ""close"": 0.200824}, {""open"": 0.201678, ""high"": 0.305936, ""low"": 0.195696, ""close"": 0.299099}, {""open"": 0.301663, ""high"": 0.353792, ""low"": 0.270898, ""close"": 0.325591}, {""open"": 0.323882, ""high"": 0.364047, ""low"": 0.305936, ""close"": 0.315336}]"
NQ=F,fvg,1778857620,1778858520,16,2026-05-17T16:48:10.166822+00:00,"[{""open"": 0.0, ""high"": 0.018801, ""low"": -0.047856, ""close"": -0.018801}, {""open"": -0.018801, ""high"": 0.082039, ""low"": -0.030764, ""close"": 0.052129}, {""open"": 0.053838, ""high"": 0.224752, ""low"": 0.026492, ""close"": 0.223043}, {""open"": 0.220479, ""high"": 0.242698, ""low"": 0.195696, ""close"": 0.219624}, {""open"": 0.21877, ""high"": 0.231588, ""low"": 0.088875, ""close"": 0.145277}, {""open"": 0.150404, ""high"": 0.156386, ""low"": 0.077766, ""close"": 0.118785}, {""open"": 0.116221, ""high"": 0.182023, ""low"": 0.113658, ""close"": 0.159804}, {""open"": 0.162368, ""high"": 0.164077, ""low"": 0.035892, ""close"": 0.106821}, {""open"": 0.103403, ""high"": 0.136731, ""low"": 0.06922, ""close"": 0.084602}, {""open"": 0.088875, ""high"": 0.171768, ""low"": 0.087166, ""close"": 0.137586}, {""open"": 0.144422, ""high"": 0.224752, ""low"": 0.105112, ""close"": 0.205097}, {""open"": 0.205097, ""high"": 0.227315, ""low"": 0.17775, ""close"": 0.199969}, {""open"": 0.202533, ""high"": 0.229025, ""low"": 0.175187, ""close"": 0.200824}, {""open"": 0.201678, ""high"": 0.305936, ""low"": 0.195696, ""close"": 0.299099}, {""open"": 0.301663, ""high"": 0.353792, ""low"": 0.270898, ""close"": 0.325591}, {""open"": 0.323882, ""high"": 0.364047, ""low"": 0.305936, ""close"": 0.315336}]"
NQ=F,fvg,1778857620,1778858400,14,2026-05-17T16:48:17.730014+00:00,"[{""open"": 0.0, ""high"": 0.018801, ""low"": -0.047856, ""close"": -0.018801}, {""open"": -0.018801, ""high"": 0.082039, ""low"": -0.030764, ""close"": 0.052129}, {""open"": 0.053838, ""high"": 0.224752, ""low"": 0.026492, ""close"": 0.223043}, {""open"": 0.220479, ""high"": 0.242698, ""low"": 0.195696, ""close"": 0.219624}, {""open"": 0.21877, ""high"": 0.231588, ""low"": 0.088875, ""close"": 0.145277}, {""open"": 0.150404, ""high"": 0.156386, ""low"": 0.077766, ""close"": 0.118785}, {""open"": 0.116221, ""high"": 0.182023, ""low"": 0.113658, ""close"": 0.159804}, {""open"": 0.162368, ""high"": 0.164077, ""low"": 0.035892, ""close"": 0.106821}, {""open"": 0.103403, ""high"": 0.136731, ""low"": 0.06922, ""close"": 0.084602}, {""open"": 0.088875, ""high"": 0.171768, ""low"": 0.087166, ""close"": 0.137586}, {""open"": 0.144422, ""high"": 0.224752, ""low"": 0.105112, ""close"": 0.205097}, {""open"": 0.205097, ""high"": 0.227315, ""low"": 0.17775, ""close"": 0.199969}, {""open"": 0.202533, ""high"": 0.229025, ""low"": 0.175187, ""close"": 0.200824}, {""open"": 0.201678, ""high"": 0.305936, ""low"": 0.195696, ""close"": 0.299099}]"
NQ=F,fvg,1778857620,1778859180,27,2026-05-17T16:48:22.868924+00:00,"[{""open"": 0.0, ""high"": 0.018801, ""low"": -0.047856, ""close"": -0.018801}, {""open"": -0.018801, ""high"": 0.082039, ""low"": -0.030764, ""close"": 0.052129}, {""open"": 0.053838, ""high"": 0.224752, ""low"": 0.026492, ""close"": 0.223043}, {""open"": 0.220479, ""high"": 0.242698, ""low"": 0.195696, ""close"": 0.219624}, {""open"": 0.21877, ""high"": 0.231588, ""low"": 0.088875, ""close"": 0.145277}, {""open"": 0.150404, ""high"": 0.156386, ""low"": 0.077766, ""close"": 0.118785}, {""open"": 0.116221, ""high"": 0.182023, ""low"": 0.113658, ""close"": 0.159804}, {""open"": 0.162368, ""high"": 0.164077, ""low"": 0.035892, ""close"": 0.106821}, {""open"": 0.103403, ""high"": 0.136731, ""low"": 0.06922, ""close"": 0.084602}, {""open"": 0.088875, ""high"": 0.171768, ""low"": 0.087166, ""close"": 0.137586}, {""open"": 0.144422, ""high"": 0.224752, ""low"": 0.105112, ""close"": 0.205097}, {""open"": 0.205097, ""high"": 0.227315, ""low"": 0.17775, ""close"": 0.199969}, {""open"": 0.202533, ""high"": 0.229025, ""low"": 0.175187, ""close"": 0.200824}, {""open"": 0.201678, ""high"": 0.305936, ""low"": 0.195696, ""close"": 0.299099}, {""open"": 0.301663, ""high"": 0.353792, ""low"": 0.270898, ""close"": 0.325591}, {""open"": 0.323882, ""high"": 0.364047, ""low"": 0.305936, ""close"": 0.315336}, {""open"": 0.315336, ""high"": 0.343537, ""low"": 0.222188, ""close"": 0.24868}, {""open"": 0.250389, ""high"": 0.273462, ""low"": 0.200824, ""close"": 0.234152}, {""open"": 0.235007, ""high"": 0.257225, ""low"": 0.135877, ""close"": 0.172623}, {""open"": 0.171768, ""high"": 0.274317, ""low"": 0.155532, ""close"": 0.263207}, {""open"": 0.264062, ""high"": 0.307645, ""low"": 0.239279, ""close"": 0.252953}, {""open"": 0.257225, ""high"": 0.269189, ""low"": 0.170914, ""close"": 0.202533}, {""open"": 0.203388, ""high"": 0.271753, ""low"": 0.192278, ""close"": 0.271753}, {""open"": 0.270898, ""high"": 0.348664, ""low"": 0.263207, ""close"": 0.3273}, {""open"": 0.322173, ""high"": 0.385411, ""low"": 0.320464, ""close"": 0.370883}, {""open"": 0.369174, ""high"": 0.401648, ""low"": 0.360628, ""close"": 0.382847}, {""open"": 0.376865, ""high"": 0.399938, ""low"": 0.287135, ""close"": 0.300808}]"
